<?xml version='1.0' encoding='UTF-8' standalone='no'?>
<doxygen xmlns:xsi="http://www.w3.org/2001/XMLSchema-instance" xsi:noNamespaceSchemaLocation="compound.xsd" version="1.8.3">
  <compounddef id="_disciplina_8cpp" kind="file">
    <compoundname>Disciplina.cpp</compoundname>
    <includes refid="_disciplina_8h" local="yes">Disciplina.h</includes>
    <includes refid="_excepcao_8h" local="yes">Excepcao.h</includes>
    <incdepgraph>
      <node id="32">
        <label>Professor.h</label>
        <link refid="_professor_8h_source"/>
        <childnode refid="25" relation="include">
        </childnode>
        <childnode refid="28" relation="include">
        </childnode>
        <childnode refid="26" relation="include">
        </childnode>
        <childnode refid="29" relation="include">
        </childnode>
        <childnode refid="24" relation="include">
        </childnode>
      </node>
      <node id="31">
        <label>Aluno.h</label>
        <link refid="_aluno_8h_source"/>
        <childnode refid="25" relation="include">
        </childnode>
        <childnode refid="29" relation="include">
        </childnode>
        <childnode refid="32" relation="include">
        </childnode>
      </node>
      <node id="25">
        <label>string</label>
      </node>
      <node id="23">
        <label>Disciplina.cpp</label>
        <link refid="Disciplina.cpp"/>
        <childnode refid="24" relation="include">
        </childnode>
        <childnode refid="27" relation="include">
        </childnode>
      </node>
      <node id="29">
        <label>Turma.h</label>
        <link refid="_turma_8h_source"/>
        <childnode refid="30" relation="include">
        </childnode>
      </node>
      <node id="26">
        <label>vector</label>
      </node>
      <node id="28">
        <label>sstream</label>
      </node>
      <node id="24">
        <label>Disciplina.h</label>
        <link refid="_disciplina_8h_source"/>
        <childnode refid="25" relation="include">
        </childnode>
        <childnode refid="26" relation="include">
        </childnode>
      </node>
      <node id="30">
        <label>Horario.h</label>
        <link refid="_horario_8h_source"/>
        <childnode refid="26" relation="include">
        </childnode>
        <childnode refid="24" relation="include">
        </childnode>
      </node>
      <node id="27">
        <label>Excepcao.h</label>
        <link refid="_excepcao_8h_source"/>
        <childnode refid="28" relation="include">
        </childnode>
        <childnode refid="29" relation="include">
        </childnode>
        <childnode refid="24" relation="include">
        </childnode>
        <childnode refid="30" relation="include">
        </childnode>
        <childnode refid="31" relation="include">
        </childnode>
        <childnode refid="32" relation="include">
        </childnode>
      </node>
    </incdepgraph>
      <sectiondef kind="define">
      <memberdef kind="define" id="_disciplina_8cpp_1a0abdde63ec1feaa0580bb98ab32bc59f" prot="public" static="no">
        <name>DURACAO_MAX</name>
        <initializer>90</initializer>
        <briefdescription>
        </briefdescription>
        <detaileddescription>
        </detaileddescription>
        <inbodydescription>
        </inbodydescription>
        <location file="E:/Documentos/git/AEDA_TP1/AEDA_TP1/Disciplina.cpp" line="4" bodyfile="E:/Documentos/git/AEDA_TP1/AEDA_TP1/Disciplina.cpp" bodystart="4" bodyend="-1"/>
      </memberdef>
      </sectiondef>
    <briefdescription>
    </briefdescription>
    <detaileddescription>
    </detaileddescription>
    <programlisting>
<codeline lineno="1"><highlight class="preprocessor">#include<sp/>&quot;Disciplina.h&quot;</highlight><highlight class="normal"></highlight></codeline>
<codeline lineno="2"><highlight class="normal"></highlight><highlight class="preprocessor">#include<sp/>&quot;Excepcao.h&quot;</highlight><highlight class="normal"></highlight></codeline>
<codeline lineno="3"><highlight class="normal"></highlight></codeline>
<codeline lineno="4"><highlight class="normal"></highlight><highlight class="preprocessor">#define<sp/>DURACAO_MAX<sp/>90</highlight></codeline>
<codeline lineno="5"><highlight class="preprocessor"></highlight></codeline>
<codeline lineno="12"><highlight class="normal"><ref refid="class_disciplina_1ae4496d51677842852775c89892387daf" kindref="member">Disciplina::Disciplina</ref>(</highlight><highlight class="keywordtype">string</highlight><highlight class="normal"><sp/>nome,<sp/></highlight><highlight class="keywordtype">int</highlight><highlight class="normal"><sp/>d,<sp/></highlight><highlight class="keywordtype">int</highlight><highlight class="normal"><sp/>h)<sp/>{</highlight></codeline>
<codeline lineno="13"><highlight class="normal"><sp/><sp/><sp/><sp/>this-&gt;_nome=nome;</highlight></codeline>
<codeline lineno="14"><highlight class="normal"><sp/><sp/><sp/><sp/><ref refid="class_disciplina_1aadc65f8c2f09352cc6f80881d67e720d" kindref="member">setDuracao</ref>(d);</highlight></codeline>
<codeline lineno="15"><highlight class="normal">}</highlight></codeline>
<codeline lineno="16"><highlight class="normal"></highlight></codeline>
<codeline lineno="21"><highlight class="keywordtype">string</highlight><highlight class="normal"><sp/><ref refid="class_disciplina_1a09445908668708d2b62feb8b600a6af6" kindref="member">Disciplina::getNome</ref>()</highlight><highlight class="keyword"><sp/>const</highlight><highlight class="normal">{</highlight></codeline>
<codeline lineno="22"><highlight class="normal"><sp/><sp/><sp/><sp/></highlight><highlight class="keywordflow">return</highlight><highlight class="normal"><sp/>_nome;</highlight></codeline>
<codeline lineno="23"><highlight class="normal">}</highlight></codeline>
<codeline lineno="28"><highlight class="keywordtype">void</highlight><highlight class="normal"><sp/><ref refid="class_disciplina_1a2d8e0957375f6d9f1f720a58acfb80de" kindref="member">Disciplina::setNome</ref>(</highlight><highlight class="keywordtype">string</highlight><highlight class="normal"><sp/>nome){</highlight></codeline>
<codeline lineno="29"><highlight class="normal"><sp/><sp/><sp/><sp/>this-&gt;_nome=nome;</highlight></codeline>
<codeline lineno="30"><highlight class="normal">}</highlight></codeline>
<codeline lineno="35"><highlight class="keywordtype">int</highlight><highlight class="normal"><sp/><ref refid="class_disciplina_1aa3f19dc881279231e7eaa3194f01c4df" kindref="member">Disciplina::getDuracao</ref>()</highlight><highlight class="keyword"><sp/>const</highlight><highlight class="normal">{</highlight></codeline>
<codeline lineno="36"><highlight class="normal"><sp/><sp/><sp/><sp/></highlight><highlight class="keywordflow">return</highlight><highlight class="normal"><sp/>_duracao;</highlight></codeline>
<codeline lineno="37"><highlight class="normal">}</highlight></codeline>
<codeline lineno="42"><highlight class="keywordtype">void</highlight><highlight class="normal"><sp/><ref refid="class_disciplina_1aadc65f8c2f09352cc6f80881d67e720d" kindref="member">Disciplina::setDuracao</ref>(</highlight><highlight class="keywordtype">int</highlight><highlight class="normal"><sp/>d){</highlight></codeline>
<codeline lineno="43"><highlight class="normal"><sp/><sp/><sp/><sp/></highlight><highlight class="keywordflow">if</highlight><highlight class="normal">(d<sp/>&gt;<sp/>DURACAO_MAX<sp/>||<sp/>d<sp/>&lt;=<sp/>0)</highlight></codeline>
<codeline lineno="44"><highlight class="normal"><sp/><sp/><sp/><sp/><sp/><sp/><sp/><sp/></highlight><highlight class="keywordflow">throw</highlight><highlight class="normal"><sp/></highlight><highlight class="keyword">new</highlight><highlight class="normal"><sp/><ref refid="class_duracao_excedida" kindref="compound">DuracaoExcedida</ref>(d);</highlight></codeline>
<codeline lineno="45"><highlight class="normal"><sp/><sp/><sp/><sp/>_duracao<sp/>=<sp/>d;</highlight></codeline>
<codeline lineno="46"><highlight class="normal">}</highlight></codeline>
<codeline lineno="51"><highlight class="keywordtype">int</highlight><highlight class="normal"><sp/><ref refid="class_disciplina_1afde765c64f78f530d09d404d15c4c5dd" kindref="member">Disciplina::getHoraInicio</ref>()</highlight><highlight class="keyword"><sp/>const</highlight><highlight class="normal">{</highlight></codeline>
<codeline lineno="52"><highlight class="normal"><sp/><sp/><sp/><sp/></highlight><highlight class="keywordflow">return</highlight><highlight class="normal"><sp/>_hora_inicio;</highlight></codeline>
<codeline lineno="53"><highlight class="normal">}</highlight></codeline>
<codeline lineno="58"><highlight class="keywordtype">void</highlight><highlight class="normal"><sp/><ref refid="class_disciplina_1aa6822138c1277be2b2c5c420c1a1f34d" kindref="member">Disciplina::setHoraInicio</ref>(</highlight><highlight class="keywordtype">int</highlight><highlight class="normal"><sp/>h){</highlight></codeline>
<codeline lineno="59"><highlight class="normal"><sp/><sp/><sp/><sp/>_hora_inicio<sp/>=<sp/>h;</highlight></codeline>
<codeline lineno="60"><highlight class="normal">}</highlight></codeline>
<codeline lineno="65"><highlight class="keywordtype">int</highlight><highlight class="normal"><sp/><ref refid="class_disciplina_1a28b929f7e36d902da32b0ecc329420b6" kindref="member">Disciplina::getHoraFim</ref>()</highlight><highlight class="keyword"><sp/>const</highlight><highlight class="normal">{</highlight></codeline>
<codeline lineno="66"><highlight class="normal"><sp/><sp/><sp/><sp/></highlight><highlight class="keywordflow">return</highlight><highlight class="normal"><sp/>_hora_inicio+_duracao;</highlight></codeline>
<codeline lineno="67"><highlight class="normal">}</highlight></codeline>
<codeline lineno="73"><highlight class="keywordtype">bool</highlight><highlight class="normal"><sp/><ref refid="class_disciplina_1a41f649eceb91b6e2cae441a5888c7b84" kindref="member" tooltip="Verificasse quando o nome entre os dois objetos e igual.">Disciplina::operator==</ref>(<ref refid="class_disciplina" kindref="compound" tooltip="Class representa uma Disciplina contendo a sua designacao, duracao e hora de inicio.">Disciplina</ref><sp/>*<sp/>d2){</highlight></codeline>
<codeline lineno="74"><highlight class="normal"><sp/><sp/><sp/><sp/></highlight><highlight class="keywordflow">return</highlight><highlight class="normal"><sp/>_nome<sp/>==<sp/>d2-&gt;<ref refid="class_disciplina_1a09445908668708d2b62feb8b600a6af6" kindref="member">getNome</ref>();</highlight></codeline>
<codeline lineno="75"><highlight class="normal">}</highlight></codeline>
    </programlisting>
    <location file="E:/Documentos/git/AEDA_TP1/AEDA_TP1/Disciplina.cpp"/>
  </compounddef>
</doxygen>
