<?xml version='1.0' encoding='UTF-8' standalone='no'?>
<doxygen xmlns:xsi="http://www.w3.org/2001/XMLSchema-instance" xsi:noNamespaceSchemaLocation="compound.xsd" version="1.8.3">
  <compounddef id="_disciplina_8h" kind="file">
    <compoundname>Disciplina.h</compoundname>
    <includes local="no">string</includes>
    <includes local="no">vector</includes>
    <includedby refid="_horario_8h" local="yes">Horario.h</includedby>
    <includedby refid="_professor_8h" local="yes">Professor.h</includedby>
    <includedby refid="_excepcao_8h" local="yes">Excepcao.h</includedby>
    <includedby refid="_escola_8h" local="yes">Escola.h</includedby>
    <includedby refid="_disciplina_8cpp" local="yes">Disciplina.cpp</includedby>
    <includedby refid="main_8cpp" local="yes">main.cpp</includedby>
    <incdepgraph>
      <node id="35">
        <label>string</label>
      </node>
      <node id="36">
        <label>vector</label>
      </node>
      <node id="34">
        <label>Disciplina.h</label>
        <link refid="Disciplina.h"/>
        <childnode refid="35" relation="include">
        </childnode>
        <childnode refid="36" relation="include">
        </childnode>
      </node>
    </incdepgraph>
    <invincdepgraph>
      <node id="43">
        <label>Professor.h</label>
        <link refid="_professor_8h_source"/>
        <childnode refid="40" relation="include">
        </childnode>
        <childnode refid="41" relation="include">
        </childnode>
        <childnode refid="42" relation="include">
        </childnode>
      </node>
      <node id="40">
        <label>Aluno.h</label>
        <link refid="_aluno_8h_source"/>
        <childnode refid="41" relation="include">
        </childnode>
        <childnode refid="42" relation="include">
        </childnode>
      </node>
      <node id="39">
        <label>Turma.h</label>
        <link refid="_turma_8h_source"/>
        <childnode refid="40" relation="include">
        </childnode>
        <childnode refid="43" relation="include">
        </childnode>
        <childnode refid="41" relation="include">
        </childnode>
        <childnode refid="42" relation="include">
        </childnode>
      </node>
      <node id="37">
        <label>Disciplina.h</label>
        <link refid="Disciplina.h"/>
        <childnode refid="38" relation="include">
        </childnode>
        <childnode refid="43" relation="include">
        </childnode>
        <childnode refid="41" relation="include">
        </childnode>
        <childnode refid="42" relation="include">
        </childnode>
      </node>
      <node id="42">
        <label>Escola.h</label>
        <link refid="_escola_8h_source"/>
      </node>
      <node id="38">
        <label>Horario.h</label>
        <link refid="_horario_8h_source"/>
        <childnode refid="39" relation="include">
        </childnode>
        <childnode refid="41" relation="include">
        </childnode>
        <childnode refid="42" relation="include">
        </childnode>
      </node>
      <node id="41">
        <label>Excepcao.h</label>
        <link refid="_excepcao_8h_source"/>
        <childnode refid="42" relation="include">
        </childnode>
      </node>
    </invincdepgraph>
    <innerclass refid="class_disciplina" prot="public">Disciplina</innerclass>
    <briefdescription>
    </briefdescription>
    <detaileddescription>
    </detaileddescription>
    <programlisting>
<codeline lineno="1"><highlight class="preprocessor">#ifndef<sp/>DISCIPLINA_H_</highlight></codeline>
<codeline lineno="2"><highlight class="preprocessor"></highlight><highlight class="preprocessor">#define<sp/>DISCIPLINA_H_</highlight></codeline>
<codeline lineno="3"><highlight class="preprocessor"></highlight><highlight class="normal"></highlight></codeline>
<codeline lineno="4"><highlight class="normal"></highlight><highlight class="preprocessor">#include<sp/>&lt;string&gt;</highlight><highlight class="normal"></highlight></codeline>
<codeline lineno="5"><highlight class="normal"></highlight><highlight class="preprocessor">#include<sp/>&lt;vector&gt;</highlight><highlight class="normal"></highlight></codeline>
<codeline lineno="6"><highlight class="normal"></highlight></codeline>
<codeline lineno="7"><highlight class="normal"></highlight><highlight class="keyword">using<sp/>namespace<sp/></highlight><highlight class="normal">std;</highlight></codeline>
<codeline lineno="8"><highlight class="normal"></highlight></codeline>
<codeline lineno="10" refid="class_disciplina" refkind="compound"><highlight class="keyword">class<sp/></highlight><highlight class="normal"><ref refid="class_disciplina" kindref="compound" tooltip="Class representa uma Disciplina contendo a sua designacao, duracao e hora de inicio.">Disciplina</ref><sp/>{</highlight></codeline>
<codeline lineno="11"><highlight class="normal"></highlight><highlight class="keyword">private</highlight><highlight class="normal">:</highlight></codeline>
<codeline lineno="12"><highlight class="normal"><sp/><sp/><sp/><sp/></highlight><highlight class="keywordtype">string</highlight><highlight class="normal"><sp/>_nome;<sp/><sp/><sp/><sp/><sp/><sp/><sp/><sp/><sp/><sp/><sp/><sp/><sp/><sp/><sp/><sp/><sp/><sp/><sp/></highlight></codeline>
<codeline lineno="13"><highlight class="normal"><sp/><sp/><sp/><sp/></highlight><highlight class="keywordtype">int</highlight><highlight class="normal"><sp/>_duracao;<sp/><sp/><sp/><sp/><sp/><sp/><sp/><sp/><sp/><sp/><sp/><sp/><sp/><sp/><sp/><sp/><sp/><sp/><sp/></highlight></codeline>
<codeline lineno="14"><highlight class="normal"><sp/><sp/><sp/><sp/></highlight><highlight class="keywordtype">int</highlight><highlight class="normal"><sp/>_hora_inicio;<sp/><sp/><sp/><sp/><sp/><sp/><sp/><sp/><sp/><sp/><sp/><sp/><sp/><sp/><sp/></highlight></codeline>
<codeline lineno="15"><highlight class="normal"></highlight><highlight class="keyword">public</highlight><highlight class="normal">:</highlight></codeline>
<codeline lineno="16"><highlight class="normal"></highlight></codeline>
<codeline lineno="17"><highlight class="normal"><sp/><sp/><sp/><sp/><ref refid="class_disciplina" kindref="compound" tooltip="Class representa uma Disciplina contendo a sua designacao, duracao e hora de inicio.">Disciplina</ref>(</highlight><highlight class="keywordtype">string</highlight><highlight class="normal"><sp/>_nome,<sp/></highlight><highlight class="keywordtype">int</highlight><highlight class="normal"><sp/>d,<sp/></highlight><highlight class="keywordtype">int</highlight><highlight class="normal"><sp/>h);</highlight></codeline>
<codeline lineno="18"><highlight class="normal"><sp/><sp/><sp/><sp/></highlight><highlight class="keywordtype">string</highlight><highlight class="normal"><sp/>getNome()<sp/></highlight><highlight class="keyword">const</highlight><highlight class="normal">;</highlight></codeline>
<codeline lineno="19"><highlight class="normal"><sp/><sp/><sp/><sp/></highlight><highlight class="keywordtype">void</highlight><highlight class="normal"><sp/>setNome(</highlight><highlight class="keywordtype">string</highlight><highlight class="normal"><sp/>_nome);</highlight></codeline>
<codeline lineno="20"><highlight class="normal"><sp/><sp/><sp/><sp/></highlight><highlight class="keywordtype">int</highlight><highlight class="normal"><sp/>getDuracao()<sp/></highlight><highlight class="keyword">const</highlight><highlight class="normal">;</highlight></codeline>
<codeline lineno="21"><highlight class="normal"><sp/><sp/><sp/><sp/></highlight><highlight class="keywordtype">void</highlight><highlight class="normal"><sp/>setDuracao(</highlight><highlight class="keywordtype">int</highlight><highlight class="normal"><sp/>d);</highlight></codeline>
<codeline lineno="22"><highlight class="normal"><sp/><sp/><sp/><sp/></highlight><highlight class="keywordtype">int</highlight><highlight class="normal"><sp/>getHoraInicio()<sp/></highlight><highlight class="keyword">const</highlight><highlight class="normal">;</highlight></codeline>
<codeline lineno="23"><highlight class="normal"><sp/><sp/><sp/><sp/></highlight><highlight class="keywordtype">void</highlight><highlight class="normal"><sp/>setHoraInicio(</highlight><highlight class="keywordtype">int</highlight><highlight class="normal"><sp/>h);</highlight></codeline>
<codeline lineno="24"><highlight class="normal"><sp/><sp/><sp/><sp/></highlight><highlight class="keywordtype">int</highlight><highlight class="normal"><sp/>getHoraFim()<sp/></highlight><highlight class="keyword">const</highlight><highlight class="normal">;</highlight></codeline>
<codeline lineno="25"><highlight class="normal"></highlight></codeline>
<codeline lineno="26"><highlight class="normal"><sp/><sp/><sp/><sp/></highlight><highlight class="keywordtype">bool</highlight><highlight class="normal"><sp/>operator==(<ref refid="class_disciplina" kindref="compound" tooltip="Class representa uma Disciplina contendo a sua designacao, duracao e hora de inicio.">Disciplina</ref><sp/>*<sp/>d2);</highlight></codeline>
<codeline lineno="27"><highlight class="normal"></highlight></codeline>
<codeline lineno="28"><highlight class="normal"><sp/><sp/><sp/><sp/></highlight><highlight class="keyword">virtual</highlight><highlight class="normal"><sp/>~<ref refid="class_disciplina" kindref="compound" tooltip="Class representa uma Disciplina contendo a sua designacao, duracao e hora de inicio.">Disciplina</ref>(){}</highlight></codeline>
<codeline lineno="29"><highlight class="normal">};</highlight></codeline>
<codeline lineno="30"><highlight class="normal"></highlight><highlight class="preprocessor">#endif<sp/></highlight><highlight class="comment">/*<sp/>DISCIPLINA_H_<sp/>*/</highlight><highlight class="preprocessor"></highlight></codeline>
    </programlisting>
    <location file="E:/Documentos/git/AEDA_TP1/AEDA_TP1/Disciplina.h"/>
  </compounddef>
</doxygen>
