<?xml version='1.0' encoding='UTF-8' standalone='no'?>
<doxygen xmlns:xsi="http://www.w3.org/2001/XMLSchema-instance" xsi:noNamespaceSchemaLocation="compound.xsd" version="1.8.3">
  <compounddef id="_input___output_8h" kind="file">
    <compoundname>Input_Output.h</compoundname>
    <briefdescription>
    </briefdescription>
    <detaileddescription>
    </detaileddescription>
    <programlisting>
<codeline lineno="1"><highlight class="preprocessor">#ifndef<sp/>INPUT_OUTPUT_H_</highlight></codeline>
<codeline lineno="2"><highlight class="preprocessor"></highlight><highlight class="preprocessor">#define<sp/>INPUT_OUTPUT_H_</highlight></codeline>
<codeline lineno="3"><highlight class="preprocessor"></highlight><highlight class="normal"></highlight></codeline>
<codeline lineno="4"><highlight class="normal"></highlight></codeline>
<codeline lineno="5"><highlight class="normal"></highlight></codeline>
<codeline lineno="6"><highlight class="normal"></highlight></codeline>
<codeline lineno="7"><highlight class="normal"></highlight><highlight class="preprocessor">#endif</highlight></codeline>
    </programlisting>
    <location file="E:/Documentos/git/AEDA_TP1/AEDA_TP1/Input_Output.h"/>
  </compounddef>
</doxygen>
