<?xml version='1.0' encoding='UTF-8' standalone='no'?>
<doxygen xmlns:xsi="http://www.w3.org/2001/XMLSchema-instance" xsi:noNamespaceSchemaLocation="compound.xsd" version="1.8.3">
  <compounddef id="_professor_8h" kind="file">
    <compoundname>Professor.h</compoundname>
    <includes local="no">string</includes>
    <includes local="no">sstream</includes>
    <includes local="no">vector</includes>
    <includes refid="_turma_8h" local="yes">Turma.h</includes>
    <includes refid="_disciplina_8h" local="yes">Disciplina.h</includes>
    <includedby refid="_aluno_8h" local="yes">Aluno.h</includedby>
    <includedby refid="_excepcao_8h" local="yes">Excepcao.h</includedby>
    <includedby refid="_escola_8h" local="yes">Escola.h</includedby>
    <includedby refid="main_8cpp" local="yes">main.cpp</includedby>
    <includedby refid="_professor_8cpp" local="yes">Professor.cpp</includedby>
    <incdepgraph>
      <node id="122">
        <label>Professor.h</label>
        <link refid="Professor.h"/>
        <childnode refid="123" relation="include">
        </childnode>
        <childnode refid="124" relation="include">
        </childnode>
        <childnode refid="125" relation="include">
        </childnode>
        <childnode refid="126" relation="include">
        </childnode>
        <childnode refid="128" relation="include">
        </childnode>
      </node>
      <node id="123">
        <label>string</label>
      </node>
      <node id="126">
        <label>Turma.h</label>
        <link refid="_turma_8h_source"/>
        <childnode refid="127" relation="include">
        </childnode>
      </node>
      <node id="125">
        <label>vector</label>
      </node>
      <node id="124">
        <label>sstream</label>
      </node>
      <node id="128">
        <label>Disciplina.h</label>
        <link refid="_disciplina_8h_source"/>
        <childnode refid="123" relation="include">
        </childnode>
        <childnode refid="125" relation="include">
        </childnode>
      </node>
      <node id="127">
        <label>Horario.h</label>
        <link refid="_horario_8h_source"/>
        <childnode refid="125" relation="include">
        </childnode>
        <childnode refid="128" relation="include">
        </childnode>
      </node>
    </incdepgraph>
    <invincdepgraph>
      <node id="129">
        <label>Professor.h</label>
        <link refid="Professor.h"/>
        <childnode refid="130" relation="include">
        </childnode>
        <childnode refid="131" relation="include">
        </childnode>
        <childnode refid="132" relation="include">
        </childnode>
      </node>
      <node id="130">
        <label>Aluno.h</label>
        <link refid="_aluno_8h_source"/>
        <childnode refid="131" relation="include">
        </childnode>
        <childnode refid="132" relation="include">
        </childnode>
      </node>
      <node id="132">
        <label>Escola.h</label>
        <link refid="_escola_8h_source"/>
      </node>
      <node id="131">
        <label>Excepcao.h</label>
        <link refid="_excepcao_8h_source"/>
        <childnode refid="132" relation="include">
        </childnode>
      </node>
    </invincdepgraph>
    <innerclass refid="class_pessoa" prot="public">Pessoa</innerclass>
    <innerclass refid="class_professor" prot="public">Professor</innerclass>
    <innerclass refid="class_director_turma" prot="public">DirectorTurma</innerclass>
    <briefdescription>
    </briefdescription>
    <detaileddescription>
    </detaileddescription>
    <programlisting>
<codeline lineno="1"><highlight class="preprocessor">#ifndef<sp/>PROFESSOR_H_</highlight></codeline>
<codeline lineno="2"><highlight class="preprocessor"></highlight><highlight class="preprocessor">#define<sp/>PROFESSOR_H_</highlight></codeline>
<codeline lineno="3"><highlight class="preprocessor"></highlight><highlight class="normal"></highlight></codeline>
<codeline lineno="4"><highlight class="normal"></highlight><highlight class="preprocessor">#include<sp/>&lt;string&gt;</highlight><highlight class="normal"></highlight></codeline>
<codeline lineno="5"><highlight class="normal"></highlight><highlight class="preprocessor">#include<sp/>&lt;sstream&gt;</highlight><highlight class="normal"></highlight></codeline>
<codeline lineno="6"><highlight class="normal"></highlight><highlight class="preprocessor">#include<sp/>&lt;vector&gt;</highlight><highlight class="normal"></highlight></codeline>
<codeline lineno="7"><highlight class="normal"></highlight><highlight class="preprocessor">#include<sp/>&quot;Turma.h&quot;</highlight><highlight class="normal"></highlight></codeline>
<codeline lineno="8"><highlight class="normal"></highlight><highlight class="preprocessor">#include<sp/>&quot;Disciplina.h&quot;</highlight><highlight class="normal"></highlight></codeline>
<codeline lineno="9"><highlight class="normal"></highlight></codeline>
<codeline lineno="10"><highlight class="normal"></highlight><highlight class="keyword">using<sp/>namespace<sp/></highlight><highlight class="normal">std;</highlight></codeline>
<codeline lineno="12" refid="class_pessoa" refkind="compound"><highlight class="keyword">class<sp/></highlight><highlight class="normal"><ref refid="class_pessoa" kindref="compound" tooltip="Classe Base para Professor e Aluno.">Pessoa</ref><sp/>{</highlight></codeline>
<codeline lineno="13"><highlight class="normal"></highlight></codeline>
<codeline lineno="14"><highlight class="normal"></highlight><highlight class="keyword">private</highlight><highlight class="normal">:</highlight></codeline>
<codeline lineno="15"><highlight class="normal"><sp/><sp/><sp/><sp/></highlight><highlight class="keywordtype">string</highlight><highlight class="normal"><sp/>_nome;</highlight></codeline>
<codeline lineno="16"><highlight class="normal"></highlight></codeline>
<codeline lineno="17"><highlight class="normal"></highlight><highlight class="keyword">public</highlight><highlight class="normal">:</highlight></codeline>
<codeline lineno="18"><highlight class="normal"><sp/><sp/><sp/><sp/><ref refid="class_pessoa" kindref="compound" tooltip="Classe Base para Professor e Aluno.">Pessoa</ref>(</highlight><highlight class="keywordtype">string</highlight><highlight class="normal"><sp/>n){_nome<sp/>=<sp/>n;}</highlight></codeline>
<codeline lineno="19"><highlight class="normal"><sp/><sp/><sp/><sp/></highlight><highlight class="keywordtype">void</highlight><highlight class="normal"><sp/>setNome(</highlight><highlight class="keyword">const</highlight><highlight class="normal"><sp/></highlight><highlight class="keywordtype">string</highlight><highlight class="normal"><sp/>n){_nome<sp/>=<sp/>n;}</highlight></codeline>
<codeline lineno="20"><highlight class="normal"><sp/><sp/><sp/><sp/></highlight><highlight class="keywordtype">string</highlight><highlight class="normal"><sp/>getNome()</highlight><highlight class="keyword">const</highlight><highlight class="normal">{</highlight><highlight class="keywordflow">return</highlight><highlight class="normal"><sp/>_nome;}</highlight></codeline>
<codeline lineno="21"><highlight class="normal"><sp/><sp/><sp/><sp/></highlight><highlight class="keyword">virtual</highlight><highlight class="normal"><sp/></highlight><highlight class="keywordtype">string</highlight><highlight class="normal"><sp/>print(){</highlight><highlight class="keywordflow">return</highlight><highlight class="normal"><sp/></highlight><highlight class="stringliteral">&quot;&quot;</highlight><highlight class="normal">;}</highlight></codeline>
<codeline lineno="22"><highlight class="normal"></highlight></codeline>
<codeline lineno="23"><highlight class="normal">};</highlight></codeline>
<codeline lineno="24"><highlight class="normal"></highlight></codeline>
<codeline lineno="26" refid="class_professor" refkind="compound"><highlight class="keyword">class<sp/></highlight><highlight class="normal"><ref refid="class_professor" kindref="compound" tooltip="Professor de uma Escola (class Base), podendo ou nao ser Director de Turma.">Professor</ref><sp/>:<sp/></highlight><highlight class="keyword">public</highlight><highlight class="normal"><sp/><ref refid="class_pessoa" kindref="compound" tooltip="Classe Base para Professor e Aluno.">Pessoa</ref>{</highlight></codeline>
<codeline lineno="27"><highlight class="normal"></highlight></codeline>
<codeline lineno="29"><highlight class="normal"><sp/><sp/><sp/><sp/><ref refid="class_disciplina" kindref="compound" tooltip="Class representa uma Disciplina contendo a sua designacao, duracao e hora de inicio.">Disciplina</ref><sp/>*<sp/>_disciplina;<sp/><sp/><sp/><sp/><sp/><sp/><sp/></highlight></codeline>
<codeline lineno="30"><highlight class="normal"><sp/><sp/><sp/><sp/>vector&lt;Turma<sp/>*&gt;<sp/>_turmas;<sp/><sp/><sp/><sp/><sp/><sp/><sp/><sp/></highlight></codeline>
<codeline lineno="31"><highlight class="normal"><sp/><sp/><sp/><sp/></highlight><highlight class="comment">//Horario<sp/>horario;<sp/><sp/><sp/><sp/><sp/><sp/><sp/><sp/><sp/><sp/><sp/><sp/><sp/><sp/>///&lt;<sp/>Horario<sp/>das<sp/>turmas<sp/>em<sp/>que<sp/>o<sp/>Professsor<sp/>lecciona</highlight><highlight class="normal"></highlight></codeline>
<codeline lineno="32"><highlight class="normal"></highlight><highlight class="keyword">public</highlight><highlight class="normal">:</highlight></codeline>
<codeline lineno="33"><highlight class="normal"><sp/><sp/><sp/><sp/><ref refid="class_professor" kindref="compound" tooltip="Professor de uma Escola (class Base), podendo ou nao ser Director de Turma.">Professor</ref>(</highlight><highlight class="keywordtype">string</highlight><highlight class="normal"><sp/>n,<sp/><ref refid="class_disciplina" kindref="compound" tooltip="Class representa uma Disciplina contendo a sua designacao, duracao e hora de inicio.">Disciplina</ref><sp/>*<sp/>d,<ref refid="class_turma" kindref="compound">Turma</ref>*<sp/>t);<sp/><sp/><sp/><sp/><sp/><sp/><sp/><sp/><sp/><sp/><sp/></highlight></codeline>
<codeline lineno="34"><highlight class="normal"></highlight></codeline>
<codeline lineno="35"><highlight class="normal"><sp/><sp/><sp/><sp/></highlight><highlight class="keywordtype">bool</highlight><highlight class="normal"><sp/>addTurma(<ref refid="class_turma" kindref="compound">Turma</ref><sp/>*<sp/>t);<sp/><sp/><sp/><sp/><sp/><sp/><sp/><sp/><sp/><sp/><sp/><sp/><sp/><sp/><sp/><sp/><sp/><sp/><sp/><sp/><sp/><sp/><sp/><sp/><sp/><sp/><sp/><sp/><sp/><sp/><sp/></highlight></codeline>
<codeline lineno="36"><highlight class="normal"><sp/><sp/><sp/><sp/></highlight><highlight class="keywordtype">bool</highlight><highlight class="normal"><sp/>removeTurma(</highlight><highlight class="keyword">const</highlight><highlight class="normal"><sp/></highlight><highlight class="keywordtype">int</highlight><highlight class="normal"><sp/></highlight><highlight class="keywordtype">id</highlight><highlight class="normal">);<sp/><sp/><sp/><sp/><sp/><sp/><sp/><sp/><sp/><sp/><sp/><sp/><sp/><sp/><sp/><sp/><sp/><sp/><sp/><sp/><sp/><sp/><sp/><sp/><sp/></highlight></codeline>
<codeline lineno="37"><highlight class="normal"></highlight></codeline>
<codeline lineno="38"><highlight class="normal"><sp/><sp/><sp/><sp/></highlight><highlight class="keywordtype">string</highlight><highlight class="normal"><sp/>print();</highlight></codeline>
<codeline lineno="39"><highlight class="normal"><sp/><sp/><sp/><sp/></highlight><highlight class="keywordtype">void</highlight><highlight class="normal"><sp/>setDisciplina(<ref refid="class_disciplina" kindref="compound" tooltip="Class representa uma Disciplina contendo a sua designacao, duracao e hora de inicio.">Disciplina</ref><sp/>*<sp/>d){_disciplina<sp/>=<sp/>d;}</highlight></codeline>
<codeline lineno="40"><highlight class="normal"><sp/><sp/><sp/><sp/><ref refid="class_disciplina" kindref="compound" tooltip="Class representa uma Disciplina contendo a sua designacao, duracao e hora de inicio.">Disciplina</ref><sp/>*<sp/>getDiscipina()</highlight><highlight class="keyword">const</highlight><highlight class="normal">{</highlight><highlight class="keywordflow">return</highlight><highlight class="normal"><sp/>_disciplina;}</highlight></codeline>
<codeline lineno="41"><highlight class="normal"><sp/><sp/><sp/><sp/>vector&lt;Turma<sp/>*&gt;<sp/>getTurmas()</highlight><highlight class="keyword">const</highlight><highlight class="normal">{</highlight><highlight class="keywordflow">return</highlight><highlight class="normal"><sp/>_turmas;}</highlight></codeline>
<codeline lineno="42"><highlight class="normal"><sp/><sp/><sp/><sp/></highlight><highlight class="keywordtype">bool</highlight><highlight class="normal"><sp/>operator==(<ref refid="class_professor" kindref="compound" tooltip="Professor de uma Escola (class Base), podendo ou nao ser Director de Turma.">Professor</ref><sp/>*<sp/>p2);</highlight></codeline>
<codeline lineno="43"><highlight class="normal"><sp/><sp/><sp/><sp/></highlight><highlight class="keyword">virtual</highlight><highlight class="normal"><sp/>~<ref refid="class_professor" kindref="compound" tooltip="Professor de uma Escola (class Base), podendo ou nao ser Director de Turma.">Professor</ref>();</highlight></codeline>
<codeline lineno="44"><highlight class="normal"></highlight></codeline>
<codeline lineno="45"><highlight class="normal">};</highlight></codeline>
<codeline lineno="46"><highlight class="normal"></highlight></codeline>
<codeline lineno="48" refid="class_director_turma" refkind="compound"><highlight class="keyword">class<sp/></highlight><highlight class="normal"><ref refid="class_director_turma" kindref="compound" tooltip="Classe derivado de Professor tendo a mais um vector com as turmas de que e responsavel.">DirectorTurma</ref>:<sp/></highlight><highlight class="keyword">public</highlight><highlight class="normal"><sp/><ref refid="class_professor" kindref="compound" tooltip="Professor de uma Escola (class Base), podendo ou nao ser Director de Turma.">Professor</ref>{</highlight></codeline>
<codeline lineno="49"><highlight class="normal"></highlight></codeline>
<codeline lineno="50"><highlight class="normal"></highlight><highlight class="keyword">private</highlight><highlight class="normal">:</highlight></codeline>
<codeline lineno="51"><highlight class="normal"><sp/><sp/><sp/><sp/>vector&lt;Turma<sp/>*&gt;<sp/>_turmas_resposaveis;<sp/><sp/><sp/><sp/></highlight></codeline>
<codeline lineno="52"><highlight class="normal"><sp/><sp/><sp/><sp/></highlight><highlight class="comment">//Horario<sp/>_horario_atendimento;<sp/><sp/><sp/><sp/><sp/><sp/><sp/><sp/><sp/>///&lt;<sp/>Horario<sp/>de<sp/>atendimento<sp/>das<sp/>turmas<sp/>responsaveis<sp/>do<sp/>DirectorTurma</highlight><highlight class="normal"></highlight></codeline>
<codeline lineno="53"><highlight class="normal"></highlight></codeline>
<codeline lineno="54"><highlight class="normal"></highlight><highlight class="keyword">public</highlight><highlight class="normal">:</highlight></codeline>
<codeline lineno="55"><highlight class="normal"><sp/><sp/><sp/><sp/><ref refid="class_director_turma" kindref="compound" tooltip="Classe derivado de Professor tendo a mais um vector com as turmas de que e responsavel.">DirectorTurma</ref>(</highlight><highlight class="keywordtype">string</highlight><highlight class="normal"><sp/>n,<sp/><ref refid="class_disciplina" kindref="compound" tooltip="Class representa uma Disciplina contendo a sua designacao, duracao e hora de inicio.">Disciplina</ref><sp/>*<sp/>d,<ref refid="class_turma" kindref="compound">Turma</ref>*<sp/>t,<sp/><ref refid="class_turma" kindref="compound">Turma</ref><sp/>*<sp/>t_responsavel);</highlight></codeline>
<codeline lineno="56"><highlight class="normal"><sp/><sp/><sp/><sp/></highlight><highlight class="keywordtype">bool</highlight><highlight class="normal"><sp/>addTurmaResponsavel(<ref refid="class_turma" kindref="compound">Turma</ref><sp/>*<sp/>t);</highlight></codeline>
<codeline lineno="57"><highlight class="normal"><sp/><sp/><sp/><sp/></highlight><highlight class="keywordtype">bool</highlight><highlight class="normal"><sp/>removeTurmaResponsavel(</highlight><highlight class="keyword">const</highlight><highlight class="normal"><sp/></highlight><highlight class="keywordtype">int</highlight><highlight class="normal"><sp/></highlight><highlight class="keywordtype">id</highlight><highlight class="normal">);</highlight></codeline>
<codeline lineno="58"><highlight class="normal"></highlight></codeline>
<codeline lineno="59"><highlight class="normal"><sp/><sp/><sp/><sp/>vector&lt;Turma<sp/>*&gt;<sp/>getTurmasResponsaveis(){</highlight><highlight class="keywordflow">return</highlight><highlight class="normal"><sp/>_turmas_resposaveis;}</highlight></codeline>
<codeline lineno="60"><highlight class="normal"></highlight></codeline>
<codeline lineno="61"><highlight class="normal"><sp/><sp/><sp/><sp/>~<ref refid="class_director_turma" kindref="compound" tooltip="Classe derivado de Professor tendo a mais um vector com as turmas de que e responsavel.">DirectorTurma</ref>();</highlight></codeline>
<codeline lineno="62"><highlight class="normal">};</highlight></codeline>
<codeline lineno="63"><highlight class="normal"></highlight><highlight class="preprocessor">#endif<sp/></highlight><highlight class="comment">/*<sp/>PROFESSOR_H_<sp/>*/</highlight><highlight class="preprocessor"></highlight></codeline>
    </programlisting>
    <location file="E:/Documentos/git/AEDA_TP1/AEDA_TP1/Professor.h"/>
  </compounddef>
</doxygen>
