<?xml version='1.0' encoding='UTF-8' standalone='no'?>
<doxygen xmlns:xsi="http://www.w3.org/2001/XMLSchema-instance" xsi:noNamespaceSchemaLocation="compound.xsd" version="1.8.3">
  <compounddef id="class_aluno" kind="class" prot="public">
    <compoundname>Aluno</compoundname>
    <basecompoundref refid="class_pessoa" prot="public" virt="non-virtual">Pessoa</basecompoundref>
    <includes refid="_aluno_8h" local="no">Aluno.h</includes>
      <sectiondef kind="private-attrib">
      <memberdef kind="variable" id="class_aluno_1aa72e959778c5cfb155d40917c8db04e1" prot="private" static="no" mutable="no">
        <type>int</type>
        <definition>int Aluno::_numero</definition>
        <argsstring></argsstring>
        <name>_numero</name>
        <briefdescription>
        </briefdescription>
        <detaileddescription>
        </detaileddescription>
        <inbodydescription>
        </inbodydescription>
        <location file="E:/Documentos/git/AEDA_TP1/AEDA_TP1/Aluno.h" line="15" bodyfile="E:/Documentos/git/AEDA_TP1/AEDA_TP1/Aluno.h" bodystart="15" bodyend="-1"/>
      </memberdef>
      <memberdef kind="variable" id="class_aluno_1aff7237ed605a644069974d940f6af50b" prot="private" static="no" mutable="no">
        <type><ref refid="class_turma" kindref="compound">Turma</ref> *</type>
        <definition>Turma* Aluno::_turma</definition>
        <argsstring></argsstring>
        <name>_turma</name>
        <briefdescription>
        </briefdescription>
        <detaileddescription>
        </detaileddescription>
        <inbodydescription>
        </inbodydescription>
        <location file="E:/Documentos/git/AEDA_TP1/AEDA_TP1/Aluno.h" line="16" bodyfile="E:/Documentos/git/AEDA_TP1/AEDA_TP1/Aluno.h" bodystart="16" bodyend="-1"/>
      </memberdef>
      </sectiondef>
      <sectiondef kind="public-func">
      <memberdef kind="function" id="class_aluno_1afa2d1a87c5d62a63381065ee0cf2ea7f" prot="public" static="no" const="no" explicit="no" inline="no" virt="non-virtual">
        <type></type>
        <definition>Aluno::Aluno</definition>
        <argsstring>(string n, int numero, Turma *t)</argsstring>
        <name>Aluno</name>
        <param>
          <type>string</type>
          <declname>n</declname>
        </param>
        <param>
          <type>int</type>
          <declname>numero</declname>
        </param>
        <param>
          <type><ref refid="class_turma" kindref="compound">Turma</ref> *</type>
          <declname>t</declname>
        </param>
        <briefdescription>
        </briefdescription>
        <detaileddescription>
<para><parameterlist kind="param"><parameteritem>
<parameternamelist>
<parametername>n</parametername>
</parameternamelist>
<parameterdescription>
<para></para></parameterdescription>
</parameteritem>
<parameteritem>
<parameternamelist>
<parametername>numero</parametername>
</parameternamelist>
<parameterdescription>
<para></para></parameterdescription>
</parameteritem>
<parameteritem>
<parameternamelist>
<parametername>t</parametername>
</parameternamelist>
<parameterdescription>
<para></para></parameterdescription>
</parameteritem>
</parameterlist>
</para>        </detaileddescription>
        <inbodydescription>
        </inbodydescription>
        <location file="E:/Documentos/git/AEDA_TP1/AEDA_TP1/Aluno.h" line="19" bodyfile="E:/Documentos/git/AEDA_TP1/AEDA_TP1/Aluno.cpp" bodystart="18" bodyend="21"/>
      </memberdef>
      <memberdef kind="function" id="class_aluno_1a258e8f5c3dbc8b19efadaf20ba48874f" prot="public" static="no" const="no" explicit="no" inline="no" virt="non-virtual">
        <type>int</type>
        <definition>int Aluno::getNumero</definition>
        <argsstring>()</argsstring>
        <name>getNumero</name>
        <briefdescription>
        </briefdescription>
        <detaileddescription>
<para><simplesect kind="return"><para>int _numero </para></simplesect>
</para>        </detaileddescription>
        <inbodydescription>
        </inbodydescription>
        <location file="E:/Documentos/git/AEDA_TP1/AEDA_TP1/Aluno.h" line="22" bodyfile="E:/Documentos/git/AEDA_TP1/AEDA_TP1/Aluno.cpp" bodystart="26" bodyend="28"/>
      </memberdef>
      <memberdef kind="function" id="class_aluno_1a1f3d823c2589d39d930738689707ba3d" prot="public" static="no" const="no" explicit="no" inline="no" virt="non-virtual">
        <type><ref refid="class_turma" kindref="compound">Turma</ref> *</type>
        <definition>Turma * Aluno::getTurma</definition>
        <argsstring>()</argsstring>
        <name>getTurma</name>
        <briefdescription>
        </briefdescription>
        <detaileddescription>
<para><simplesect kind="return"><para><ref refid="class_turma" kindref="compound">Turma</ref> _turma </para></simplesect>
</para>        </detaileddescription>
        <inbodydescription>
        </inbodydescription>
        <location file="E:/Documentos/git/AEDA_TP1/AEDA_TP1/Aluno.h" line="24" bodyfile="E:/Documentos/git/AEDA_TP1/AEDA_TP1/Aluno.cpp" bodystart="33" bodyend="35"/>
      </memberdef>
      <memberdef kind="function" id="class_aluno_1a36ad83483a9e0c247d7092a95607758c" prot="public" static="no" const="no" explicit="no" inline="no" virt="non-virtual">
        <type>void</type>
        <definition>void Aluno::setNumero</definition>
        <argsstring>(int numero)</argsstring>
        <name>setNumero</name>
        <param>
          <type>int</type>
          <declname>numero</declname>
        </param>
        <briefdescription>
        </briefdescription>
        <detaileddescription>
<para><parameterlist kind="param"><parameteritem>
<parameternamelist>
<parametername>numero</parametername>
</parameternamelist>
<parameterdescription>
<para></para></parameterdescription>
</parameteritem>
</parameterlist>
</para>        </detaileddescription>
        <inbodydescription>
        </inbodydescription>
        <location file="E:/Documentos/git/AEDA_TP1/AEDA_TP1/Aluno.h" line="26" bodyfile="E:/Documentos/git/AEDA_TP1/AEDA_TP1/Aluno.cpp" bodystart="41" bodyend="47"/>
      </memberdef>
      <memberdef kind="function" id="class_aluno_1a5403cd3d2d1a219f9aa49bc53825d4fc" prot="public" static="no" const="no" explicit="no" inline="no" virt="non-virtual">
        <type>void</type>
        <definition>void Aluno::setTurma</definition>
        <argsstring>(Turma *t)</argsstring>
        <name>setTurma</name>
        <param>
          <type><ref refid="class_turma" kindref="compound">Turma</ref> *</type>
          <declname>t</declname>
        </param>
        <briefdescription>
        </briefdescription>
        <detaileddescription>
<para><parameterlist kind="param"><parameteritem>
<parameternamelist>
<parametername>t</parametername>
</parameternamelist>
<parameterdescription>
<para></para></parameterdescription>
</parameteritem>
</parameterlist>
</para>        </detaileddescription>
        <inbodydescription>
        </inbodydescription>
        <location file="E:/Documentos/git/AEDA_TP1/AEDA_TP1/Aluno.h" line="27" bodyfile="E:/Documentos/git/AEDA_TP1/AEDA_TP1/Aluno.cpp" bodystart="52" bodyend="54"/>
      </memberdef>
      <memberdef kind="function" id="class_aluno_1a70c5a814dcd56edc12bbe2c00aa3a7a6" prot="public" static="no" const="no" explicit="no" inline="no" virt="non-virtual">
        <type>bool</type>
        <definition>bool Aluno::operator==</definition>
        <argsstring>(Aluno *a2)</argsstring>
        <name>operator==</name>
        <param>
          <type><ref refid="class_aluno" kindref="compound">Aluno</ref> *</type>
          <declname>a2</declname>
        </param>
        <briefdescription>
        </briefdescription>
        <detaileddescription>
<para><parameterlist kind="param"><parameteritem>
<parameternamelist>
<parametername>a2</parametername>
</parameternamelist>
<parameterdescription>
<para></para></parameterdescription>
</parameteritem>
</parameterlist>
<simplesect kind="return"><para></para></simplesect>
</para>        </detaileddescription>
        <inbodydescription>
        </inbodydescription>
        <location file="E:/Documentos/git/AEDA_TP1/AEDA_TP1/Aluno.h" line="28" bodyfile="E:/Documentos/git/AEDA_TP1/AEDA_TP1/Aluno.cpp" bodystart="60" bodyend="62"/>
      </memberdef>
      <memberdef kind="function" id="class_aluno_1ac5c1bdeaea70f418dd7aa1b0c73160aa" prot="public" static="no" const="no" explicit="no" inline="no" virt="virtual">
        <type>string</type>
        <definition>string Aluno::print</definition>
        <argsstring>()</argsstring>
        <name>print</name>
        <reimplements refid="class_pessoa_1a6ccbd5e11c47beb6de6650054caa5a79">print</reimplements>
        <briefdescription>
        </briefdescription>
        <detaileddescription>
<para><simplesect kind="return"><para></para></simplesect>
</para>        </detaileddescription>
        <inbodydescription>
        </inbodydescription>
        <location file="E:/Documentos/git/AEDA_TP1/AEDA_TP1/Aluno.h" line="29" bodyfile="E:/Documentos/git/AEDA_TP1/AEDA_TP1/Aluno.cpp" bodystart="67" bodyend="72"/>
      </memberdef>
      </sectiondef>
    <briefdescription>
<para><ref refid="class_aluno" kindref="compound">Aluno</ref> de uma escola. </para>    </briefdescription>
    <detaileddescription>
    </detaileddescription>
    <inheritancegraph>
      <node id="0">
        <label>Aluno</label>
        <link refid="class_aluno"/>
        <childnode refid="1" relation="public-inheritance">
        </childnode>
      </node>
      <node id="1">
        <label>Pessoa</label>
        <link refid="class_pessoa"/>
      </node>
    </inheritancegraph>
    <collaborationgraph>
      <node id="2">
        <label>Aluno</label>
        <link refid="class_aluno"/>
        <childnode refid="3" relation="public-inheritance">
        </childnode>
      </node>
      <node id="3">
        <label>Pessoa</label>
        <link refid="class_pessoa"/>
      </node>
    </collaborationgraph>
    <location file="E:/Documentos/git/AEDA_TP1/AEDA_TP1/Aluno.h" line="13" bodyfile="E:/Documentos/git/AEDA_TP1/AEDA_TP1/Aluno.h" bodystart="13" bodyend="30"/>
    <listofallmembers>
      <member refid="class_aluno_1aa72e959778c5cfb155d40917c8db04e1" prot="private" virt="non-virtual"><scope>Aluno</scope><name>_numero</name></member>
      <member refid="class_aluno_1aff7237ed605a644069974d940f6af50b" prot="private" virt="non-virtual"><scope>Aluno</scope><name>_turma</name></member>
      <member refid="class_aluno_1afa2d1a87c5d62a63381065ee0cf2ea7f" prot="public" virt="non-virtual"><scope>Aluno</scope><name>Aluno</name></member>
      <member refid="class_pessoa_1a8d4d2f40ba5634f49b0ce181fee7f0a7" prot="public" virt="non-virtual"><scope>Aluno</scope><name>getNome</name></member>
      <member refid="class_aluno_1a258e8f5c3dbc8b19efadaf20ba48874f" prot="public" virt="non-virtual"><scope>Aluno</scope><name>getNumero</name></member>
      <member refid="class_aluno_1a1f3d823c2589d39d930738689707ba3d" prot="public" virt="non-virtual"><scope>Aluno</scope><name>getTurma</name></member>
      <member refid="class_aluno_1a70c5a814dcd56edc12bbe2c00aa3a7a6" prot="public" virt="non-virtual"><scope>Aluno</scope><name>operator==</name></member>
      <member refid="class_pessoa_1a789675384a5b47a16c9f0a5a819aa1ff" prot="public" virt="non-virtual"><scope>Aluno</scope><name>Pessoa</name></member>
      <member refid="class_aluno_1ac5c1bdeaea70f418dd7aa1b0c73160aa" prot="public" virt="virtual"><scope>Aluno</scope><name>print</name></member>
      <member refid="class_pessoa_1afe5128d96f8ef52b644746b9a45f63e7" prot="public" virt="non-virtual"><scope>Aluno</scope><name>setNome</name></member>
      <member refid="class_aluno_1a36ad83483a9e0c247d7092a95607758c" prot="public" virt="non-virtual"><scope>Aluno</scope><name>setNumero</name></member>
      <member refid="class_aluno_1a5403cd3d2d1a219f9aa49bc53825d4fc" prot="public" virt="non-virtual"><scope>Aluno</scope><name>setTurma</name></member>
    </listofallmembers>
  </compounddef>
</doxygen>
