<?xml version='1.0' encoding='UTF-8' standalone='no'?>
<doxygen xmlns:xsi="http://www.w3.org/2001/XMLSchema-instance" xsi:noNamespaceSchemaLocation="compound.xsd" version="1.8.3">
  <compounddef id="class_aluno_nao_existente" kind="class" prot="public">
    <compoundname>AlunoNaoExistente</compoundname>
    <includes refid="_excepcao_8h" local="no">Excepcao.h</includes>
      <sectiondef kind="public-attrib">
      <memberdef kind="variable" id="class_aluno_nao_existente_1a094d853c6593f3b82363171adbcd2158" prot="public" static="no" mutable="no">
        <type><ref refid="class_aluno" kindref="compound">Aluno</ref> *</type>
        <definition>Aluno* AlunoNaoExistente::aluno</definition>
        <argsstring></argsstring>
        <name>aluno</name>
        <briefdescription>
<para><ref refid="class_aluno" kindref="compound">Aluno</ref> inesxistente. </para>        </briefdescription>
        <detaileddescription>
        </detaileddescription>
        <inbodydescription>
        </inbodydescription>
        <location file="E:/Documentos/git/AEDA_TP1/AEDA_TP1/Excepcao.h" line="70" bodyfile="E:/Documentos/git/AEDA_TP1/AEDA_TP1/Excepcao.h" bodystart="70" bodyend="-1"/>
      </memberdef>
      </sectiondef>
      <sectiondef kind="public-func">
      <memberdef kind="function" id="class_aluno_nao_existente_1a5ad5fa0f402f1bec2b88b698cf3f5928" prot="public" static="no" const="no" explicit="no" inline="yes" virt="non-virtual">
        <type></type>
        <definition>AlunoNaoExistente::AlunoNaoExistente</definition>
        <argsstring>(Aluno *a)</argsstring>
        <name>AlunoNaoExistente</name>
        <param>
          <type><ref refid="class_aluno" kindref="compound">Aluno</ref> *</type>
          <declname>a</declname>
        </param>
        <briefdescription>
        </briefdescription>
        <detaileddescription>
        </detaileddescription>
        <inbodydescription>
        </inbodydescription>
        <location file="E:/Documentos/git/AEDA_TP1/AEDA_TP1/Excepcao.h" line="71" bodyfile="E:/Documentos/git/AEDA_TP1/AEDA_TP1/Excepcao.h" bodystart="71" bodyend="73"/>
      </memberdef>
      <memberdef kind="function" id="class_aluno_nao_existente_1aacfbce6e5c3fba7f14cdfe4588d9f3fc" prot="public" static="no" const="no" explicit="no" inline="yes" virt="non-virtual">
        <type>string</type>
        <definition>string AlunoNaoExistente::getErro</definition>
        <argsstring>()</argsstring>
        <name>getErro</name>
        <briefdescription>
        </briefdescription>
        <detaileddescription>
        </detaileddescription>
        <inbodydescription>
<para>&lt; Mensagem de erro lancada pela excepcao </para>        </inbodydescription>
        <location file="E:/Documentos/git/AEDA_TP1/AEDA_TP1/Excepcao.h" line="74" bodyfile="E:/Documentos/git/AEDA_TP1/AEDA_TP1/Excepcao.h" bodystart="74" bodyend="78"/>
      </memberdef>
      <memberdef kind="function" id="class_aluno_nao_existente_1a72857c8ba816dbec308567382904e14b" prot="public" static="no" const="no" explicit="no" inline="yes" virt="virtual">
        <type></type>
        <definition>virtual AlunoNaoExistente::~AlunoNaoExistente</definition>
        <argsstring>()</argsstring>
        <name>~AlunoNaoExistente</name>
        <briefdescription>
<para>Destrutor. </para>        </briefdescription>
        <detaileddescription>
        </detaileddescription>
        <inbodydescription>
        </inbodydescription>
        <location file="E:/Documentos/git/AEDA_TP1/AEDA_TP1/Excepcao.h" line="79" bodyfile="E:/Documentos/git/AEDA_TP1/AEDA_TP1/Excepcao.h" bodystart="79" bodyend="-1"/>
      </memberdef>
      </sectiondef>
    <briefdescription>
<para>Excepcao lancada quando o <ref refid="class_aluno" kindref="compound">Aluno</ref> a ser acedido nao existe. </para>    </briefdescription>
    <detaileddescription>
    </detaileddescription>
    <collaborationgraph>
      <node id="5">
        <label>AlunoNaoExistente</label>
        <link refid="class_aluno_nao_existente"/>
        <childnode refid="6" relation="usage">
          <edgelabel>aluno</edgelabel>
        </childnode>
      </node>
      <node id="6">
        <label>Aluno</label>
        <link refid="class_aluno"/>
        <childnode refid="7" relation="public-inheritance">
        </childnode>
      </node>
      <node id="7">
        <label>Pessoa</label>
        <link refid="class_pessoa"/>
      </node>
    </collaborationgraph>
    <location file="E:/Documentos/git/AEDA_TP1/AEDA_TP1/Excepcao.h" line="68" bodyfile="E:/Documentos/git/AEDA_TP1/AEDA_TP1/Excepcao.h" bodystart="67" bodyend="80"/>
    <listofallmembers>
      <member refid="class_aluno_nao_existente_1a094d853c6593f3b82363171adbcd2158" prot="public" virt="non-virtual"><scope>AlunoNaoExistente</scope><name>aluno</name></member>
      <member refid="class_aluno_nao_existente_1a5ad5fa0f402f1bec2b88b698cf3f5928" prot="public" virt="non-virtual"><scope>AlunoNaoExistente</scope><name>AlunoNaoExistente</name></member>
      <member refid="class_aluno_nao_existente_1aacfbce6e5c3fba7f14cdfe4588d9f3fc" prot="public" virt="non-virtual"><scope>AlunoNaoExistente</scope><name>getErro</name></member>
      <member refid="class_aluno_nao_existente_1a72857c8ba816dbec308567382904e14b" prot="public" virt="virtual"><scope>AlunoNaoExistente</scope><name>~AlunoNaoExistente</name></member>
    </listofallmembers>
  </compounddef>
</doxygen>
