<?xml version='1.0' encoding='UTF-8' standalone='no'?>
<doxygen xmlns:xsi="http://www.w3.org/2001/XMLSchema-instance" xsi:noNamespaceSchemaLocation="compound.xsd" version="1.8.3">
  <compounddef id="class_horario" kind="class" prot="public">
    <compoundname>Horario</compoundname>
    <includes refid="_horario_8h" local="no">Horario.h</includes>
      <sectiondef kind="private-attrib">
      <memberdef kind="variable" id="class_horario_1ae4a0720eac7f7cf5f91025a301f9da51" prot="private" static="no" mutable="no">
        <type>vector&lt; <ref refid="class_disciplina" kindref="compound">Disciplina</ref> * &gt;</type>
        <definition>vector&lt;Disciplina*&gt; Horario::disciplinas</definition>
        <argsstring></argsstring>
        <name>disciplinas</name>
        <briefdescription>
        </briefdescription>
        <detaileddescription>
        </detaileddescription>
        <inbodydescription>
        </inbodydescription>
        <location file="E:/Documentos/git/AEDA_TP1/AEDA_TP1/Horario.h" line="22" bodyfile="E:/Documentos/git/AEDA_TP1/AEDA_TP1/Horario.h" bodystart="22" bodyend="-1"/>
      </memberdef>
      </sectiondef>
      <sectiondef kind="public-func">
      <memberdef kind="function" id="class_horario_1a46801f79049e424c1a520838c33397b2" prot="public" static="no" const="no" explicit="no" inline="no" virt="non-virtual">
        <type></type>
        <definition>Horario::Horario</definition>
        <argsstring>()</argsstring>
        <name>Horario</name>
        <briefdescription>
        </briefdescription>
        <detaileddescription>
        </detaileddescription>
        <inbodydescription>
        </inbodydescription>
        <location file="E:/Documentos/git/AEDA_TP1/AEDA_TP1/Horario.h" line="24" bodyfile="E:/Documentos/git/AEDA_TP1/AEDA_TP1/Horario.cpp" bodystart="10" bodyend="12"/>
      </memberdef>
      <memberdef kind="function" id="class_horario_1a5e28b41481668ea7a2a23ecb0c6bd021" prot="public" static="no" const="no" explicit="no" inline="no" virt="virtual">
        <type></type>
        <definition>Horario::~Horario</definition>
        <argsstring>()</argsstring>
        <name>~Horario</name>
        <briefdescription>
        </briefdescription>
        <detaileddescription>
        </detaileddescription>
        <inbodydescription>
        </inbodydescription>
        <location file="E:/Documentos/git/AEDA_TP1/AEDA_TP1/Horario.h" line="25" bodyfile="E:/Documentos/git/AEDA_TP1/AEDA_TP1/Horario.cpp" bodystart="14" bodyend="16"/>
      </memberdef>
      <memberdef kind="function" id="class_horario_1a0eceba486c1179a4254f756cd2867667" prot="public" static="no" const="yes" explicit="no" inline="no" virt="non-virtual">
        <type>vector&lt; <ref refid="class_disciplina" kindref="compound">Disciplina</ref> * &gt;</type>
        <definition>vector&lt; Disciplina * &gt; Horario::getDisciplinas</definition>
        <argsstring>() const </argsstring>
        <name>getDisciplinas</name>
        <briefdescription>
        </briefdescription>
        <detaileddescription>
        </detaileddescription>
        <inbodydescription>
        </inbodydescription>
        <location file="E:/Documentos/git/AEDA_TP1/AEDA_TP1/Horario.h" line="27" bodyfile="E:/Documentos/git/AEDA_TP1/AEDA_TP1/Horario.cpp" bodystart="18" bodyend="20"/>
      </memberdef>
      <memberdef kind="function" id="class_horario_1ac2105346d7fcdbc59b0c7baa5082934d" prot="public" static="no" const="no" explicit="no" inline="no" virt="non-virtual">
        <type>bool</type>
        <definition>bool Horario::addDisciplina</definition>
        <argsstring>(Disciplina *d)</argsstring>
        <name>addDisciplina</name>
        <param>
          <type><ref refid="class_disciplina" kindref="compound">Disciplina</ref> *</type>
          <declname>d</declname>
        </param>
        <briefdescription>
        </briefdescription>
        <detaileddescription>
        </detaileddescription>
        <inbodydescription>
        </inbodydescription>
        <location file="E:/Documentos/git/AEDA_TP1/AEDA_TP1/Horario.h" line="28" bodyfile="E:/Documentos/git/AEDA_TP1/AEDA_TP1/Horario.cpp" bodystart="23" bodyend="40"/>
      </memberdef>
      </sectiondef>
    <briefdescription>
<para>Hor�rio de uma <ref refid="class_turma" kindref="compound">Turma</ref>. </para>    </briefdescription>
    <detaileddescription>
    </detaileddescription>
    <location file="E:/Documentos/git/AEDA_TP1/AEDA_TP1/Horario.h" line="20" bodyfile="E:/Documentos/git/AEDA_TP1/AEDA_TP1/Horario.h" bodystart="20" bodyend="29"/>
    <listofallmembers>
      <member refid="class_horario_1ac2105346d7fcdbc59b0c7baa5082934d" prot="public" virt="non-virtual"><scope>Horario</scope><name>addDisciplina</name></member>
      <member refid="class_horario_1ae4a0720eac7f7cf5f91025a301f9da51" prot="private" virt="non-virtual"><scope>Horario</scope><name>disciplinas</name></member>
      <member refid="class_horario_1a0eceba486c1179a4254f756cd2867667" prot="public" virt="non-virtual"><scope>Horario</scope><name>getDisciplinas</name></member>
      <member refid="class_horario_1a46801f79049e424c1a520838c33397b2" prot="public" virt="non-virtual"><scope>Horario</scope><name>Horario</name></member>
      <member refid="class_horario_1a5e28b41481668ea7a2a23ecb0c6bd021" prot="public" virt="virtual"><scope>Horario</scope><name>~Horario</name></member>
    </listofallmembers>
  </compounddef>
</doxygen>
