<?xml version='1.0' encoding='UTF-8' standalone='no'?>
<doxygen xmlns:xsi="http://www.w3.org/2001/XMLSchema-instance" xsi:noNamespaceSchemaLocation="compound.xsd" version="1.8.3">
  <compounddef id="class_escola" kind="class" prot="public">
    <compoundname>Escola</compoundname>
    <includes refid="_escola_8h" local="no">Escola.h</includes>
      <sectiondef kind="private-attrib">
      <memberdef kind="variable" id="class_escola_1ac832c533e94f0be7f273bc129eb25380" prot="private" static="no" mutable="no">
        <type>vector&lt; <ref refid="class_aluno" kindref="compound">Aluno</ref> * &gt;</type>
        <definition>vector&lt;Aluno*&gt; Escola::_alunos</definition>
        <argsstring></argsstring>
        <name>_alunos</name>
        <briefdescription>
<para>Todos os alunos inscritos na <ref refid="class_escola" kindref="compound">Escola</ref>. </para>        </briefdescription>
        <detaileddescription>
        </detaileddescription>
        <inbodydescription>
        </inbodydescription>
        <location file="E:/Documentos/git/AEDA_TP1/AEDA_TP1/Escola.h" line="16" bodyfile="E:/Documentos/git/AEDA_TP1/AEDA_TP1/Escola.h" bodystart="16" bodyend="-1"/>
      </memberdef>
      <memberdef kind="variable" id="class_escola_1aa184971c76b0f3d5c1796f122f09419c" prot="private" static="no" mutable="no">
        <type>vector&lt; <ref refid="class_professor" kindref="compound">Professor</ref> * &gt;</type>
        <definition>vector&lt;Professor*&gt; Escola::_professores</definition>
        <argsstring></argsstring>
        <name>_professores</name>
        <briefdescription>
<para>Todos os Professores que leccionam na <ref refid="class_escola" kindref="compound">Escola</ref>. </para>        </briefdescription>
        <detaileddescription>
        </detaileddescription>
        <inbodydescription>
        </inbodydescription>
        <location file="E:/Documentos/git/AEDA_TP1/AEDA_TP1/Escola.h" line="17" bodyfile="E:/Documentos/git/AEDA_TP1/AEDA_TP1/Escola.h" bodystart="17" bodyend="-1"/>
      </memberdef>
      <memberdef kind="variable" id="class_escola_1a12cbf0963007a2af29d39baecc9abe8d" prot="private" static="no" mutable="no">
        <type>vector&lt; <ref refid="class_turma" kindref="compound">Turma</ref> * &gt;</type>
        <definition>vector&lt;Turma*&gt; Escola::_turmas</definition>
        <argsstring></argsstring>
        <name>_turmas</name>
        <briefdescription>
<para>Todas as turmas existentes na <ref refid="class_escola" kindref="compound">Escola</ref>. </para>        </briefdescription>
        <detaileddescription>
        </detaileddescription>
        <inbodydescription>
        </inbodydescription>
        <location file="E:/Documentos/git/AEDA_TP1/AEDA_TP1/Escola.h" line="18" bodyfile="E:/Documentos/git/AEDA_TP1/AEDA_TP1/Escola.h" bodystart="18" bodyend="-1"/>
      </memberdef>
      <memberdef kind="variable" id="class_escola_1a816e742c61806a3123f2723d5c4b3d4c" prot="private" static="no" mutable="no">
        <type>vector&lt; <ref refid="class_disciplina" kindref="compound">Disciplina</ref> * &gt;</type>
        <definition>vector&lt;Disciplina*&gt; Escola::_disciplinas</definition>
        <argsstring></argsstring>
        <name>_disciplinas</name>
        <briefdescription>
<para>Todas as disciplinas existentes na <ref refid="class_escola" kindref="compound">Escola</ref>. </para>        </briefdescription>
        <detaileddescription>
        </detaileddescription>
        <inbodydescription>
        </inbodydescription>
        <location file="E:/Documentos/git/AEDA_TP1/AEDA_TP1/Escola.h" line="20" bodyfile="E:/Documentos/git/AEDA_TP1/AEDA_TP1/Escola.h" bodystart="20" bodyend="-1"/>
      </memberdef>
      </sectiondef>
      <sectiondef kind="public-func">
      <memberdef kind="function" id="class_escola_1abb8868990479b34abbc2e24b0c5d343c" prot="public" static="no" const="no" explicit="no" inline="no" virt="non-virtual">
        <type></type>
        <definition>Escola::Escola</definition>
        <argsstring>()</argsstring>
        <name>Escola</name>
        <briefdescription>
        </briefdescription>
        <detaileddescription>
        </detaileddescription>
        <inbodydescription>
        </inbodydescription>
        <location file="E:/Documentos/git/AEDA_TP1/AEDA_TP1/Escola.h" line="24" bodyfile="E:/Documentos/git/AEDA_TP1/AEDA_TP1/Escola.cpp" bodystart="417" bodyend="418"/>
      </memberdef>
      <memberdef kind="function" id="class_escola_1a881727d5171216be19d3e63cf95e2110" prot="public" static="no" const="no" explicit="no" inline="no" virt="non-virtual">
        <type>vector&lt; <ref refid="class_aluno" kindref="compound">Aluno</ref> * &gt;</type>
        <definition>vector&lt; Aluno * &gt; Escola::getAlunos</definition>
        <argsstring>()</argsstring>
        <name>getAlunos</name>
        <briefdescription>
        </briefdescription>
        <detaileddescription>
<para><simplesect kind="return"><para>int _alunos </para></simplesect>
</para>        </detaileddescription>
        <inbodydescription>
        </inbodydescription>
        <location file="E:/Documentos/git/AEDA_TP1/AEDA_TP1/Escola.h" line="27" bodyfile="E:/Documentos/git/AEDA_TP1/AEDA_TP1/Escola.cpp" bodystart="8" bodyend="10"/>
      </memberdef>
      <memberdef kind="function" id="class_escola_1a56f72e713a433a9b63086df24de6985a" prot="public" static="no" const="no" explicit="no" inline="no" virt="non-virtual">
        <type>void</type>
        <definition>void Escola::setAluno</definition>
        <argsstring>(Aluno *a)</argsstring>
        <name>setAluno</name>
        <param>
          <type><ref refid="class_aluno" kindref="compound">Aluno</ref> *</type>
          <declname>a</declname>
        </param>
        <briefdescription>
<para>Acrescenta alunos ao vector _alunos. </para>        </briefdescription>
        <detaileddescription>
        </detaileddescription>
        <inbodydescription>
        </inbodydescription>
        <location file="E:/Documentos/git/AEDA_TP1/AEDA_TP1/Escola.h" line="28" bodyfile="E:/Documentos/git/AEDA_TP1/AEDA_TP1/Escola.cpp" bodystart="12" bodyend="14"/>
      </memberdef>
      <memberdef kind="function" id="class_escola_1a7582a678219ca0977bab1ac1db1109f2" prot="public" static="no" const="no" explicit="no" inline="no" virt="non-virtual">
        <type><ref refid="class_aluno" kindref="compound">Aluno</ref> *</type>
        <definition>Aluno * Escola::getAlunoByNome</definition>
        <argsstring>(string n)</argsstring>
        <name>getAlunoByNome</name>
        <param>
          <type>string</type>
          <declname>n</declname>
        </param>
        <briefdescription>
<para>Devolve o <ref refid="class_aluno" kindref="compound">Aluno</ref> com o nome igual a n. </para>        </briefdescription>
        <detaileddescription>
<para><parameterlist kind="param"><parameteritem>
<parameternamelist>
<parametername>n</parametername>
</parameternamelist>
<parameterdescription>
<para></para></parameterdescription>
</parameteritem>
</parameterlist>
<simplesect kind="return"><para></para></simplesect>
</para>        </detaileddescription>
        <inbodydescription>
        </inbodydescription>
        <location file="E:/Documentos/git/AEDA_TP1/AEDA_TP1/Escola.h" line="29" bodyfile="E:/Documentos/git/AEDA_TP1/AEDA_TP1/Escola.cpp" bodystart="20" bodyend="29"/>
      </memberdef>
      <memberdef kind="function" id="class_escola_1ab8911a8daa03ac6172defbcb68710b06" prot="public" static="no" const="no" explicit="no" inline="no" virt="non-virtual">
        <type>bool</type>
        <definition>bool Escola::addAluno</definition>
        <argsstring>(string nome, int numero, Turma *t)</argsstring>
        <name>addAluno</name>
        <param>
          <type>string</type>
          <declname>nome</declname>
        </param>
        <param>
          <type>int</type>
          <declname>numero</declname>
        </param>
        <param>
          <type><ref refid="class_turma" kindref="compound">Turma</ref> *</type>
          <declname>t</declname>
        </param>
        <briefdescription>
<para>Adiciona um <ref refid="class_aluno" kindref="compound">Aluno</ref> a <ref refid="class_escola" kindref="compound">Escola</ref>. </para>        </briefdescription>
        <detaileddescription>
<para><parameterlist kind="param"><parameteritem>
<parameternamelist>
<parametername>nome</parametername>
</parameternamelist>
<parameterdescription>
<para></para></parameterdescription>
</parameteritem>
<parameteritem>
<parameternamelist>
<parametername>numero</parametername>
</parameternamelist>
<parameterdescription>
<para></para></parameterdescription>
</parameteritem>
<parameteritem>
<parameternamelist>
<parametername>t</parametername>
</parameternamelist>
<parameterdescription>
<para></para></parameterdescription>
</parameteritem>
</parameterlist>
<simplesect kind="return"><para></para></simplesect>
</para>        </detaileddescription>
        <inbodydescription>
        </inbodydescription>
        <location file="E:/Documentos/git/AEDA_TP1/AEDA_TP1/Escola.h" line="31" bodyfile="E:/Documentos/git/AEDA_TP1/AEDA_TP1/Escola.cpp" bodystart="38" bodyend="42"/>
      </memberdef>
      <memberdef kind="function" id="class_escola_1a61476572624adfbc5ff2a0dce1e8ce0b" prot="public" static="no" const="no" explicit="no" inline="no" virt="non-virtual">
        <type>string</type>
        <definition>string Escola::showAluno</definition>
        <argsstring>(Aluno *a)</argsstring>
        <name>showAluno</name>
        <param>
          <type><ref refid="class_aluno" kindref="compound">Aluno</ref> *</type>
          <declname>a</declname>
        </param>
        <briefdescription>
<para>Mostra o <ref refid="class_aluno" kindref="compound">Aluno</ref> no ecra. </para>        </briefdescription>
        <detaileddescription>
<para><parameterlist kind="param"><parameteritem>
<parameternamelist>
<parametername>a</parametername>
</parameternamelist>
<parameterdescription>
<para></para></parameterdescription>
</parameteritem>
</parameterlist>
<simplesect kind="return"><para></para></simplesect>
</para>        </detaileddescription>
        <inbodydescription>
        </inbodydescription>
        <location file="E:/Documentos/git/AEDA_TP1/AEDA_TP1/Escola.h" line="32" bodyfile="E:/Documentos/git/AEDA_TP1/AEDA_TP1/Escola.cpp" bodystart="49" bodyend="61"/>
      </memberdef>
      <memberdef kind="function" id="class_escola_1ab8ae7317b753dbe8308a60ac39d4f714" prot="public" static="no" const="no" explicit="no" inline="no" virt="non-virtual">
        <type>bool</type>
        <definition>bool Escola::updateAluno</definition>
        <argsstring>(Aluno *a)</argsstring>
        <name>updateAluno</name>
        <param>
          <type><ref refid="class_aluno" kindref="compound">Aluno</ref> *</type>
          <declname>a</declname>
        </param>
        <briefdescription>
<para>Altera informacao do <ref refid="class_aluno" kindref="compound">Aluno</ref>. </para>        </briefdescription>
        <detaileddescription>
<para><parameterlist kind="param"><parameteritem>
<parameternamelist>
<parametername>a</parametername>
</parameternamelist>
<parameterdescription>
<para></para></parameterdescription>
</parameteritem>
</parameterlist>
<simplesect kind="return"><para></para></simplesect>
</para>        </detaileddescription>
        <inbodydescription>
        </inbodydescription>
        <location file="E:/Documentos/git/AEDA_TP1/AEDA_TP1/Escola.h" line="33" bodyfile="E:/Documentos/git/AEDA_TP1/AEDA_TP1/Escola.cpp" bodystart="68" bodyend="84"/>
      </memberdef>
      <memberdef kind="function" id="class_escola_1acfa55addf5866a486acdfdc84ee9c66a" prot="public" static="no" const="no" explicit="no" inline="no" virt="non-virtual">
        <type>bool</type>
        <definition>bool Escola::removeAluno</definition>
        <argsstring>(Aluno *a)</argsstring>
        <name>removeAluno</name>
        <param>
          <type><ref refid="class_aluno" kindref="compound">Aluno</ref> *</type>
          <declname>a</declname>
        </param>
        <briefdescription>
<para>Remove um <ref refid="class_aluno" kindref="compound">Aluno</ref> da <ref refid="class_escola" kindref="compound">Escola</ref>. </para>        </briefdescription>
        <detaileddescription>
<para><parameterlist kind="param"><parameteritem>
<parameternamelist>
<parametername>a</parametername>
</parameternamelist>
<parameterdescription>
<para></para></parameterdescription>
</parameteritem>
</parameterlist>
<simplesect kind="return"><para>boolean </para></simplesect>
</para>        </detaileddescription>
        <inbodydescription>
        </inbodydescription>
        <location file="E:/Documentos/git/AEDA_TP1/AEDA_TP1/Escola.h" line="34" bodyfile="E:/Documentos/git/AEDA_TP1/AEDA_TP1/Escola.cpp" bodystart="91" bodyend="106"/>
      </memberdef>
      <memberdef kind="function" id="class_escola_1a8cdb86f03082f15f5f3ce63d1ae0b1f2" prot="public" static="no" const="no" explicit="no" inline="no" virt="non-virtual">
        <type>vector&lt; <ref refid="class_professor" kindref="compound">Professor</ref> * &gt;</type>
        <definition>vector&lt; Professor * &gt; Escola::getProfessores</definition>
        <argsstring>()</argsstring>
        <name>getProfessores</name>
        <briefdescription>
<para>Devolve todos os professores existentes na <ref refid="class_escola" kindref="compound">Escola</ref>. </para>        </briefdescription>
        <detaileddescription>
<para><simplesect kind="return"><para><ref refid="class_professor" kindref="compound">Professor</ref> * _professores </para></simplesect>
</para>        </detaileddescription>
        <inbodydescription>
        </inbodydescription>
        <location file="E:/Documentos/git/AEDA_TP1/AEDA_TP1/Escola.h" line="38" bodyfile="E:/Documentos/git/AEDA_TP1/AEDA_TP1/Escola.cpp" bodystart="113" bodyend="115"/>
      </memberdef>
      <memberdef kind="function" id="class_escola_1a69bc6d8eb743a508d2b805285fd59e35" prot="public" static="no" const="no" explicit="no" inline="no" virt="non-virtual">
        <type>void</type>
        <definition>void Escola::setProfessor</definition>
        <argsstring>(Professor *p)</argsstring>
        <name>setProfessor</name>
        <param>
          <type><ref refid="class_professor" kindref="compound">Professor</ref> *</type>
          <declname>p</declname>
        </param>
        <briefdescription>
<para>Acrescenta professores ao vector _professores. </para>        </briefdescription>
        <detaileddescription>
<para>Set method Professor* into Professores array.</para><para><parameterlist kind="param"><parameteritem>
<parameternamelist>
<parametername>p</parametername>
</parameternamelist>
<parameterdescription>
<para></para></parameterdescription>
</parameteritem>
</parameterlist>
</para>        </detaileddescription>
        <inbodydescription>
        </inbodydescription>
        <location file="E:/Documentos/git/AEDA_TP1/AEDA_TP1/Escola.h" line="39" bodyfile="E:/Documentos/git/AEDA_TP1/AEDA_TP1/Escola.cpp" bodystart="121" bodyend="123"/>
      </memberdef>
      <memberdef kind="function" id="class_escola_1a1f0dba75b82a3aec3cdaccafec4350c3" prot="public" static="no" const="no" explicit="no" inline="no" virt="non-virtual">
        <type><ref refid="class_professor" kindref="compound">Professor</ref> *</type>
        <definition>Professor * Escola::getProfessorByNome</definition>
        <argsstring>(const string n)</argsstring>
        <name>getProfessorByNome</name>
        <param>
          <type>const string</type>
          <declname>n</declname>
        </param>
        <briefdescription>
<para>Devolve o <ref refid="class_professor" kindref="compound">Professor</ref> com o nome igual a n. </para>        </briefdescription>
        <detaileddescription>
<para><parameterlist kind="param"><parameteritem>
<parameternamelist>
<parametername>n</parametername>
</parameternamelist>
<parameterdescription>
<para></para></parameterdescription>
</parameteritem>
</parameterlist>
<simplesect kind="return"><para></para></simplesect>
</para>        </detaileddescription>
        <inbodydescription>
        </inbodydescription>
        <location file="E:/Documentos/git/AEDA_TP1/AEDA_TP1/Escola.h" line="40" bodyfile="E:/Documentos/git/AEDA_TP1/AEDA_TP1/Escola.cpp" bodystart="130" bodyend="138"/>
      </memberdef>
      <memberdef kind="function" id="class_escola_1a9cb288aece2339850bd18eaf1614f8b9" prot="public" static="no" const="no" explicit="no" inline="no" virt="non-virtual">
        <type>bool</type>
        <definition>bool Escola::addProfessor</definition>
        <argsstring>(string n, string d, int t)</argsstring>
        <name>addProfessor</name>
        <param>
          <type>string</type>
          <declname>n</declname>
        </param>
        <param>
          <type>string</type>
          <declname>d</declname>
        </param>
        <param>
          <type>int</type>
          <declname>t</declname>
        </param>
        <briefdescription>
<para>Adiciona um <ref refid="class_professor" kindref="compound">Professor</ref> a <ref refid="class_escola" kindref="compound">Escola</ref>. </para>        </briefdescription>
        <detaileddescription>
<para><parameterlist kind="param"><parameteritem>
<parameternamelist>
<parametername>n</parametername>
</parameternamelist>
<parameterdescription>
<para></para></parameterdescription>
</parameteritem>
<parameteritem>
<parameternamelist>
<parametername>d</parametername>
</parameternamelist>
<parameterdescription>
<para></para></parameterdescription>
</parameteritem>
<parameteritem>
<parameternamelist>
<parametername>t</parametername>
</parameternamelist>
<parameterdescription>
<para></para></parameterdescription>
</parameteritem>
</parameterlist>
<simplesect kind="return"><para></para></simplesect>
</para>        </detaileddescription>
        <inbodydescription>
        </inbodydescription>
        <location file="E:/Documentos/git/AEDA_TP1/AEDA_TP1/Escola.h" line="42" bodyfile="E:/Documentos/git/AEDA_TP1/AEDA_TP1/Escola.cpp" bodystart="146" bodyend="150"/>
      </memberdef>
      <memberdef kind="function" id="class_escola_1addc6cd7b85c6fdba76dd536c580c16c8" prot="public" static="no" const="no" explicit="no" inline="no" virt="non-virtual">
        <type>string</type>
        <definition>string Escola::showProfessor</definition>
        <argsstring>(Professor *p)</argsstring>
        <name>showProfessor</name>
        <param>
          <type><ref refid="class_professor" kindref="compound">Professor</ref> *</type>
          <declname>p</declname>
        </param>
        <briefdescription>
<para>Mostra o <ref refid="class_professor" kindref="compound">Professor</ref> no ecra. </para>        </briefdescription>
        <detaileddescription>
<para><parameterlist kind="param"><parameteritem>
<parameternamelist>
<parametername>p</parametername>
</parameternamelist>
<parameterdescription>
<para></para></parameterdescription>
</parameteritem>
</parameterlist>
<simplesect kind="return"><para></para></simplesect>
</para>        </detaileddescription>
        <inbodydescription>
        </inbodydescription>
        <location file="E:/Documentos/git/AEDA_TP1/AEDA_TP1/Escola.h" line="43" bodyfile="E:/Documentos/git/AEDA_TP1/AEDA_TP1/Escola.cpp" bodystart="156" bodyend="169"/>
      </memberdef>
      <memberdef kind="function" id="class_escola_1a409612d09d981eb7e6e3a532080d7aed" prot="public" static="no" const="no" explicit="no" inline="no" virt="non-virtual">
        <type>bool</type>
        <definition>bool Escola::updateProfessor</definition>
        <argsstring>(Professor *p)</argsstring>
        <name>updateProfessor</name>
        <param>
          <type><ref refid="class_professor" kindref="compound">Professor</ref> *</type>
          <declname>p</declname>
        </param>
        <briefdescription>
<para>Altera a informacao do <ref refid="class_professor" kindref="compound">Professor</ref>. </para>        </briefdescription>
        <detaileddescription>
<para><parameterlist kind="param"><parameteritem>
<parameternamelist>
<parametername>p</parametername>
</parameternamelist>
<parameterdescription>
<para></para></parameterdescription>
</parameteritem>
</parameterlist>
<simplesect kind="return"><para></para></simplesect>
</para>        </detaileddescription>
        <inbodydescription>
        </inbodydescription>
        <location file="E:/Documentos/git/AEDA_TP1/AEDA_TP1/Escola.h" line="44" bodyfile="E:/Documentos/git/AEDA_TP1/AEDA_TP1/Escola.cpp" bodystart="175" bodyend="191"/>
      </memberdef>
      <memberdef kind="function" id="class_escola_1ab88ff73f646f14380fdbb5a55bc49882" prot="public" static="no" const="no" explicit="no" inline="no" virt="non-virtual">
        <type>bool</type>
        <definition>bool Escola::removeProfessor</definition>
        <argsstring>(const string n)</argsstring>
        <name>removeProfessor</name>
        <param>
          <type>const string</type>
          <declname>n</declname>
        </param>
        <briefdescription>
<para>Remove um <ref refid="class_professor" kindref="compound">Professor</ref> da <ref refid="class_escola" kindref="compound">Escola</ref>. </para>        </briefdescription>
        <detaileddescription>
<para><parameterlist kind="param"><parameteritem>
<parameternamelist>
<parametername>n</parametername>
</parameternamelist>
<parameterdescription>
<para></para></parameterdescription>
</parameteritem>
</parameterlist>
<simplesect kind="return"><para></para></simplesect>
</para>        </detaileddescription>
        <inbodydescription>
        </inbodydescription>
        <location file="E:/Documentos/git/AEDA_TP1/AEDA_TP1/Escola.h" line="45" bodyfile="E:/Documentos/git/AEDA_TP1/AEDA_TP1/Escola.cpp" bodystart="197" bodyend="212"/>
      </memberdef>
      <memberdef kind="function" id="class_escola_1acee757e16892f33820b22a7d7749d97d" prot="public" static="no" const="no" explicit="no" inline="no" virt="non-virtual">
        <type>vector&lt; <ref refid="class_turma" kindref="compound">Turma</ref> * &gt;</type>
        <definition>vector&lt; Turma * &gt; Escola::getTurmas</definition>
        <argsstring>()</argsstring>
        <name>getTurmas</name>
        <briefdescription>
<para>Devolve todas as turmas existentes na <ref refid="class_escola" kindref="compound">Escola</ref>. </para>        </briefdescription>
        <detaileddescription>
<para><simplesect kind="return"><para></para></simplesect>
</para>        </detaileddescription>
        <inbodydescription>
        </inbodydescription>
        <location file="E:/Documentos/git/AEDA_TP1/AEDA_TP1/Escola.h" line="49" bodyfile="E:/Documentos/git/AEDA_TP1/AEDA_TP1/Escola.cpp" bodystart="219" bodyend="221"/>
      </memberdef>
      <memberdef kind="function" id="class_escola_1a75635f871c420f3d1373285b1e773ce8" prot="public" static="no" const="no" explicit="no" inline="no" virt="non-virtual">
        <type>void</type>
        <definition>void Escola::setTurma</definition>
        <argsstring>(Turma *t)</argsstring>
        <name>setTurma</name>
        <param>
          <type><ref refid="class_turma" kindref="compound">Turma</ref> *</type>
          <declname>t</declname>
        </param>
        <briefdescription>
<para>Acrescenta turmas ao vector turmas. </para>        </briefdescription>
        <detaileddescription>
<para><parameterlist kind="param"><parameteritem>
<parameternamelist>
<parametername>t</parametername>
</parameternamelist>
<parameterdescription>
<para></para></parameterdescription>
</parameteritem>
</parameterlist>
</para>        </detaileddescription>
        <inbodydescription>
        </inbodydescription>
        <location file="E:/Documentos/git/AEDA_TP1/AEDA_TP1/Escola.h" line="50" bodyfile="E:/Documentos/git/AEDA_TP1/AEDA_TP1/Escola.cpp" bodystart="226" bodyend="228"/>
      </memberdef>
      <memberdef kind="function" id="class_escola_1a5dab98b3f36b81a764b104d9d9a302e8" prot="public" static="no" const="no" explicit="no" inline="no" virt="non-virtual">
        <type><ref refid="class_turma" kindref="compound">Turma</ref> *</type>
        <definition>Turma * Escola::getTurmaById</definition>
        <argsstring>(int id)</argsstring>
        <name>getTurmaById</name>
        <param>
          <type>int</type>
          <declname>id</declname>
        </param>
        <briefdescription>
<para>Devolve a <ref refid="class_turma" kindref="compound">Turma</ref> com o id igual a id. </para>        </briefdescription>
        <detaileddescription>
<para><parameterlist kind="param"><parameteritem>
<parameternamelist>
<parametername>id</parametername>
</parameternamelist>
<parameterdescription>
<para></para></parameterdescription>
</parameteritem>
</parameterlist>
<simplesect kind="return"><para></para></simplesect>
</para>        </detaileddescription>
        <inbodydescription>
        </inbodydescription>
        <location file="E:/Documentos/git/AEDA_TP1/AEDA_TP1/Escola.h" line="51" bodyfile="E:/Documentos/git/AEDA_TP1/AEDA_TP1/Escola.cpp" bodystart="234" bodyend="242"/>
      </memberdef>
      <memberdef kind="function" id="class_escola_1a86d547f74fe935bfd8bdf3cd35d25860" prot="public" static="no" const="no" explicit="no" inline="no" virt="non-virtual">
        <type>bool</type>
        <definition>bool Escola::addTurma</definition>
        <argsstring>(int id, int anoEscolar)</argsstring>
        <name>addTurma</name>
        <param>
          <type>int</type>
          <declname>id</declname>
        </param>
        <param>
          <type>int</type>
          <declname>anoEscolar</declname>
        </param>
        <briefdescription>
<para>Adiciona uma <ref refid="class_turma" kindref="compound">Turma</ref> a <ref refid="class_escola" kindref="compound">Escola</ref>. </para>        </briefdescription>
        <detaileddescription>
<para><parameterlist kind="param"><parameteritem>
<parameternamelist>
<parametername>id</parametername>
</parameternamelist>
<parameterdescription>
<para></para></parameterdescription>
</parameteritem>
<parameteritem>
<parameternamelist>
<parametername>anoEscolar</parametername>
</parameternamelist>
<parameterdescription>
<para></para></parameterdescription>
</parameteritem>
</parameterlist>
<simplesect kind="return"><para></para></simplesect>
</para>        </detaileddescription>
        <inbodydescription>
        </inbodydescription>
        <location file="E:/Documentos/git/AEDA_TP1/AEDA_TP1/Escola.h" line="53" bodyfile="E:/Documentos/git/AEDA_TP1/AEDA_TP1/Escola.cpp" bodystart="249" bodyend="253"/>
      </memberdef>
      <memberdef kind="function" id="class_escola_1a91096932c5326cb2e5c30cbd860c126c" prot="public" static="no" const="no" explicit="no" inline="no" virt="non-virtual">
        <type>string</type>
        <definition>string Escola::showTurma</definition>
        <argsstring>(Turma *t)</argsstring>
        <name>showTurma</name>
        <param>
          <type><ref refid="class_turma" kindref="compound">Turma</ref> *</type>
          <declname>t</declname>
        </param>
        <briefdescription>
<para>Mostra a <ref refid="class_turma" kindref="compound">Turma</ref> no ecra. </para>        </briefdescription>
        <detaileddescription>
<para><parameterlist kind="param"><parameteritem>
<parameternamelist>
<parametername>t</parametername>
</parameternamelist>
<parameterdescription>
<para></para></parameterdescription>
</parameteritem>
</parameterlist>
<simplesect kind="return"><para></para></simplesect>
</para>        </detaileddescription>
        <inbodydescription>
        </inbodydescription>
        <location file="E:/Documentos/git/AEDA_TP1/AEDA_TP1/Escola.h" line="54" bodyfile="E:/Documentos/git/AEDA_TP1/AEDA_TP1/Escola.cpp" bodystart="259" bodyend="270"/>
      </memberdef>
      <memberdef kind="function" id="class_escola_1a50eb8daf94842be3184daa133140157d" prot="public" static="no" const="no" explicit="no" inline="no" virt="non-virtual">
        <type>bool</type>
        <definition>bool Escola::updateTurma</definition>
        <argsstring>(Turma *t)</argsstring>
        <name>updateTurma</name>
        <param>
          <type><ref refid="class_turma" kindref="compound">Turma</ref> *</type>
          <declname>t</declname>
        </param>
        <briefdescription>
<para>Altera a informacao da <ref refid="class_turma" kindref="compound">Turma</ref>. </para>        </briefdescription>
        <detaileddescription>
<para><parameterlist kind="param"><parameteritem>
<parameternamelist>
<parametername>t</parametername>
</parameternamelist>
<parameterdescription>
<para></para></parameterdescription>
</parameteritem>
</parameterlist>
<simplesect kind="return"><para></para></simplesect>
</para>        </detaileddescription>
        <inbodydescription>
        </inbodydescription>
        <location file="E:/Documentos/git/AEDA_TP1/AEDA_TP1/Escola.h" line="55" bodyfile="E:/Documentos/git/AEDA_TP1/AEDA_TP1/Escola.cpp" bodystart="276" bodyend="292"/>
      </memberdef>
      <memberdef kind="function" id="class_escola_1a4011a23d4f49827e7cc74ea5739e9033" prot="public" static="no" const="no" explicit="no" inline="no" virt="non-virtual">
        <type>bool</type>
        <definition>bool Escola::removeTurma</definition>
        <argsstring>(const int id)</argsstring>
        <name>removeTurma</name>
        <param>
          <type>const int</type>
          <declname>id</declname>
        </param>
        <briefdescription>
<para>Remove uma <ref refid="class_turma" kindref="compound">Turma</ref> da <ref refid="class_escola" kindref="compound">Escola</ref>. </para>        </briefdescription>
        <detaileddescription>
<para><parameterlist kind="param"><parameteritem>
<parameternamelist>
<parametername>id</parametername>
</parameternamelist>
<parameterdescription>
<para></para></parameterdescription>
</parameteritem>
</parameterlist>
<simplesect kind="return"><para></para></simplesect>
</para>        </detaileddescription>
        <inbodydescription>
        </inbodydescription>
        <location file="E:/Documentos/git/AEDA_TP1/AEDA_TP1/Escola.h" line="56" bodyfile="E:/Documentos/git/AEDA_TP1/AEDA_TP1/Escola.cpp" bodystart="298" bodyend="313"/>
      </memberdef>
      <memberdef kind="function" id="class_escola_1a733893af8f3535eebe4624525945589d" prot="public" static="no" const="no" explicit="no" inline="no" virt="non-virtual">
        <type>vector&lt; <ref refid="class_disciplina" kindref="compound">Disciplina</ref> * &gt;</type>
        <definition>vector&lt; Disciplina * &gt; Escola::getDiscipinas</definition>
        <argsstring>()</argsstring>
        <name>getDiscipinas</name>
        <briefdescription>
<para>Devolve todas as Disciplinas que sao leccionadas na <ref refid="class_escola" kindref="compound">Escola</ref>. </para>        </briefdescription>
        <detaileddescription>
<para><simplesect kind="return"><para>Disiciplina _disciplinas </para></simplesect>
</para>        </detaileddescription>
        <inbodydescription>
        </inbodydescription>
        <location file="E:/Documentos/git/AEDA_TP1/AEDA_TP1/Escola.h" line="60" bodyfile="E:/Documentos/git/AEDA_TP1/AEDA_TP1/Escola.cpp" bodystart="320" bodyend="322"/>
      </memberdef>
      <memberdef kind="function" id="class_escola_1ac117e7e2d2f9c2ef22b41b6dc7a96708" prot="public" static="no" const="no" explicit="no" inline="no" virt="non-virtual">
        <type>void</type>
        <definition>void Escola::setDisciplina</definition>
        <argsstring>(Disciplina *d)</argsstring>
        <name>setDisciplina</name>
        <param>
          <type><ref refid="class_disciplina" kindref="compound">Disciplina</ref> *</type>
          <declname>d</declname>
        </param>
        <briefdescription>
<para>Acrescenta disciplinas ao vector _disciplinas. </para>        </briefdescription>
        <detaileddescription>
<para><parameterlist kind="param"><parameteritem>
<parameternamelist>
<parametername>d</parametername>
</parameternamelist>
<parameterdescription>
<para></para></parameterdescription>
</parameteritem>
</parameterlist>
</para>        </detaileddescription>
        <inbodydescription>
        </inbodydescription>
        <location file="E:/Documentos/git/AEDA_TP1/AEDA_TP1/Escola.h" line="61" bodyfile="E:/Documentos/git/AEDA_TP1/AEDA_TP1/Escola.cpp" bodystart="327" bodyend="329"/>
      </memberdef>
      <memberdef kind="function" id="class_escola_1a75b1f1a614ca1163cf2c53f25331b939" prot="public" static="no" const="no" explicit="no" inline="no" virt="non-virtual">
        <type><ref refid="class_disciplina" kindref="compound">Disciplina</ref> *</type>
        <definition>Disciplina * Escola::getDisciplinaByNome</definition>
        <argsstring>(const string n)</argsstring>
        <name>getDisciplinaByNome</name>
        <param>
          <type>const string</type>
          <declname>n</declname>
        </param>
        <briefdescription>
<para>Devolve a <ref refid="class_disciplina" kindref="compound">Disciplina</ref> com o nome igual a n. </para>        </briefdescription>
        <detaileddescription>
<para><parameterlist kind="param"><parameteritem>
<parameternamelist>
<parametername>n</parametername>
</parameternamelist>
<parameterdescription>
<para></para></parameterdescription>
</parameteritem>
</parameterlist>
<simplesect kind="return"><para></para></simplesect>
</para>        </detaileddescription>
        <inbodydescription>
        </inbodydescription>
        <location file="E:/Documentos/git/AEDA_TP1/AEDA_TP1/Escola.h" line="62" bodyfile="E:/Documentos/git/AEDA_TP1/AEDA_TP1/Escola.cpp" bodystart="335" bodyend="343"/>
      </memberdef>
      <memberdef kind="function" id="class_escola_1ad60836279a3f0a7d974a49b950aabda0" prot="public" static="no" const="no" explicit="no" inline="no" virt="non-virtual">
        <type>bool</type>
        <definition>bool Escola::addDisciplina</definition>
        <argsstring>(string nome, int d, int h)</argsstring>
        <name>addDisciplina</name>
        <param>
          <type>string</type>
          <declname>nome</declname>
        </param>
        <param>
          <type>int</type>
          <declname>d</declname>
        </param>
        <param>
          <type>int</type>
          <declname>h</declname>
        </param>
        <briefdescription>
<para>Adiciona uma <ref refid="class_disciplina" kindref="compound">Disciplina</ref> a <ref refid="class_escola" kindref="compound">Escola</ref>. </para>        </briefdescription>
        <detaileddescription>
<para><parameterlist kind="param"><parameteritem>
<parameternamelist>
<parametername>nome</parametername>
</parameternamelist>
<parameterdescription>
<para></para></parameterdescription>
</parameteritem>
<parameteritem>
<parameternamelist>
<parametername>d</parametername>
</parameternamelist>
<parameterdescription>
<para></para></parameterdescription>
</parameteritem>
<parameteritem>
<parameternamelist>
<parametername>h</parametername>
</parameternamelist>
<parameterdescription>
<para></para></parameterdescription>
</parameteritem>
</parameterlist>
<simplesect kind="return"><para></para></simplesect>
</para>        </detaileddescription>
        <inbodydescription>
        </inbodydescription>
        <location file="E:/Documentos/git/AEDA_TP1/AEDA_TP1/Escola.h" line="64" bodyfile="E:/Documentos/git/AEDA_TP1/AEDA_TP1/Escola.cpp" bodystart="351" bodyend="355"/>
      </memberdef>
      <memberdef kind="function" id="class_escola_1a3578c85887dd28c9d0b6f7c7f10f3020" prot="public" static="no" const="no" explicit="no" inline="no" virt="non-virtual">
        <type>string</type>
        <definition>string Escola::showDisciplina</definition>
        <argsstring>(Disciplina *d)</argsstring>
        <name>showDisciplina</name>
        <param>
          <type><ref refid="class_disciplina" kindref="compound">Disciplina</ref> *</type>
          <declname>d</declname>
        </param>
        <briefdescription>
<para>Mostra a <ref refid="class_disciplina" kindref="compound">Disciplina</ref> no ecra. </para>        </briefdescription>
        <detaileddescription>
<para><parameterlist kind="param"><parameteritem>
<parameternamelist>
<parametername>d</parametername>
</parameternamelist>
<parameterdescription>
<para></para></parameterdescription>
</parameteritem>
</parameterlist>
<simplesect kind="return"><para></para></simplesect>
</para>        </detaileddescription>
        <inbodydescription>
        </inbodydescription>
        <location file="E:/Documentos/git/AEDA_TP1/AEDA_TP1/Escola.h" line="65" bodyfile="E:/Documentos/git/AEDA_TP1/AEDA_TP1/Escola.cpp" bodystart="361" bodyend="372"/>
      </memberdef>
      <memberdef kind="function" id="class_escola_1a3e5bd122514b59138e8fac07ca63e23a" prot="public" static="no" const="no" explicit="no" inline="no" virt="non-virtual">
        <type>bool</type>
        <definition>bool Escola::updateDisciplina</definition>
        <argsstring>(Disciplina *d)</argsstring>
        <name>updateDisciplina</name>
        <param>
          <type><ref refid="class_disciplina" kindref="compound">Disciplina</ref> *</type>
          <declname>d</declname>
        </param>
        <briefdescription>
<para>Altera a informacao da <ref refid="class_disciplina" kindref="compound">Disciplina</ref>. </para>        </briefdescription>
        <detaileddescription>
<para><parameterlist kind="param"><parameteritem>
<parameternamelist>
<parametername>d</parametername>
</parameternamelist>
<parameterdescription>
<para></para></parameterdescription>
</parameteritem>
</parameterlist>
<simplesect kind="return"><para></para></simplesect>
</para>        </detaileddescription>
        <inbodydescription>
        </inbodydescription>
        <location file="E:/Documentos/git/AEDA_TP1/AEDA_TP1/Escola.h" line="66" bodyfile="E:/Documentos/git/AEDA_TP1/AEDA_TP1/Escola.cpp" bodystart="378" bodyend="394"/>
      </memberdef>
      <memberdef kind="function" id="class_escola_1a2e726efed10bae8f782f2f5370ec9f44" prot="public" static="no" const="no" explicit="no" inline="no" virt="non-virtual">
        <type>bool</type>
        <definition>bool Escola::removeDisciplina</definition>
        <argsstring>(const string n)</argsstring>
        <name>removeDisciplina</name>
        <param>
          <type>const string</type>
          <declname>n</declname>
        </param>
        <briefdescription>
<para>Remove uma disciplina da <ref refid="class_escola" kindref="compound">Escola</ref>. </para>        </briefdescription>
        <detaileddescription>
<para><parameterlist kind="param"><parameteritem>
<parameternamelist>
<parametername>n</parametername>
</parameternamelist>
<parameterdescription>
<para></para></parameterdescription>
</parameteritem>
</parameterlist>
<simplesect kind="return"><para></para></simplesect>
</para>        </detaileddescription>
        <inbodydescription>
        </inbodydescription>
        <location file="E:/Documentos/git/AEDA_TP1/AEDA_TP1/Escola.h" line="67" bodyfile="E:/Documentos/git/AEDA_TP1/AEDA_TP1/Escola.cpp" bodystart="400" bodyend="415"/>
      </memberdef>
      <memberdef kind="function" id="class_escola_1a63c8d064ec2308e2ddfc86a16b67eea8" prot="public" static="no" const="no" explicit="no" inline="no" virt="non-virtual">
        <type></type>
        <definition>Escola::~Escola</definition>
        <argsstring>()</argsstring>
        <name>~Escola</name>
        <briefdescription>
        </briefdescription>
        <detaileddescription>
        </detaileddescription>
        <inbodydescription>
        </inbodydescription>
        <location file="E:/Documentos/git/AEDA_TP1/AEDA_TP1/Escola.h" line="69"/>
      </memberdef>
      </sectiondef>
    <briefdescription>
<para>Representa uma <ref refid="class_escola" kindref="compound">Escola</ref> contendo todos os seus Alunos, Professores, Turmas, Disciplinas e Horarios. </para>    </briefdescription>
    <detaileddescription>
    </detaileddescription>
    <location file="E:/Documentos/git/AEDA_TP1/AEDA_TP1/Escola.h" line="15" bodyfile="E:/Documentos/git/AEDA_TP1/AEDA_TP1/Escola.h" bodystart="14" bodyend="70"/>
    <listofallmembers>
      <member refid="class_escola_1ac832c533e94f0be7f273bc129eb25380" prot="private" virt="non-virtual"><scope>Escola</scope><name>_alunos</name></member>
      <member refid="class_escola_1a816e742c61806a3123f2723d5c4b3d4c" prot="private" virt="non-virtual"><scope>Escola</scope><name>_disciplinas</name></member>
      <member refid="class_escola_1aa184971c76b0f3d5c1796f122f09419c" prot="private" virt="non-virtual"><scope>Escola</scope><name>_professores</name></member>
      <member refid="class_escola_1a12cbf0963007a2af29d39baecc9abe8d" prot="private" virt="non-virtual"><scope>Escola</scope><name>_turmas</name></member>
      <member refid="class_escola_1ab8911a8daa03ac6172defbcb68710b06" prot="public" virt="non-virtual"><scope>Escola</scope><name>addAluno</name></member>
      <member refid="class_escola_1ad60836279a3f0a7d974a49b950aabda0" prot="public" virt="non-virtual"><scope>Escola</scope><name>addDisciplina</name></member>
      <member refid="class_escola_1a9cb288aece2339850bd18eaf1614f8b9" prot="public" virt="non-virtual"><scope>Escola</scope><name>addProfessor</name></member>
      <member refid="class_escola_1a86d547f74fe935bfd8bdf3cd35d25860" prot="public" virt="non-virtual"><scope>Escola</scope><name>addTurma</name></member>
      <member refid="class_escola_1abb8868990479b34abbc2e24b0c5d343c" prot="public" virt="non-virtual"><scope>Escola</scope><name>Escola</name></member>
      <member refid="class_escola_1a7582a678219ca0977bab1ac1db1109f2" prot="public" virt="non-virtual"><scope>Escola</scope><name>getAlunoByNome</name></member>
      <member refid="class_escola_1a881727d5171216be19d3e63cf95e2110" prot="public" virt="non-virtual"><scope>Escola</scope><name>getAlunos</name></member>
      <member refid="class_escola_1a733893af8f3535eebe4624525945589d" prot="public" virt="non-virtual"><scope>Escola</scope><name>getDiscipinas</name></member>
      <member refid="class_escola_1a75b1f1a614ca1163cf2c53f25331b939" prot="public" virt="non-virtual"><scope>Escola</scope><name>getDisciplinaByNome</name></member>
      <member refid="class_escola_1a1f0dba75b82a3aec3cdaccafec4350c3" prot="public" virt="non-virtual"><scope>Escola</scope><name>getProfessorByNome</name></member>
      <member refid="class_escola_1a8cdb86f03082f15f5f3ce63d1ae0b1f2" prot="public" virt="non-virtual"><scope>Escola</scope><name>getProfessores</name></member>
      <member refid="class_escola_1a5dab98b3f36b81a764b104d9d9a302e8" prot="public" virt="non-virtual"><scope>Escola</scope><name>getTurmaById</name></member>
      <member refid="class_escola_1acee757e16892f33820b22a7d7749d97d" prot="public" virt="non-virtual"><scope>Escola</scope><name>getTurmas</name></member>
      <member refid="class_escola_1acfa55addf5866a486acdfdc84ee9c66a" prot="public" virt="non-virtual"><scope>Escola</scope><name>removeAluno</name></member>
      <member refid="class_escola_1a2e726efed10bae8f782f2f5370ec9f44" prot="public" virt="non-virtual"><scope>Escola</scope><name>removeDisciplina</name></member>
      <member refid="class_escola_1ab88ff73f646f14380fdbb5a55bc49882" prot="public" virt="non-virtual"><scope>Escola</scope><name>removeProfessor</name></member>
      <member refid="class_escola_1a4011a23d4f49827e7cc74ea5739e9033" prot="public" virt="non-virtual"><scope>Escola</scope><name>removeTurma</name></member>
      <member refid="class_escola_1a56f72e713a433a9b63086df24de6985a" prot="public" virt="non-virtual"><scope>Escola</scope><name>setAluno</name></member>
      <member refid="class_escola_1ac117e7e2d2f9c2ef22b41b6dc7a96708" prot="public" virt="non-virtual"><scope>Escola</scope><name>setDisciplina</name></member>
      <member refid="class_escola_1a69bc6d8eb743a508d2b805285fd59e35" prot="public" virt="non-virtual"><scope>Escola</scope><name>setProfessor</name></member>
      <member refid="class_escola_1a75635f871c420f3d1373285b1e773ce8" prot="public" virt="non-virtual"><scope>Escola</scope><name>setTurma</name></member>
      <member refid="class_escola_1a61476572624adfbc5ff2a0dce1e8ce0b" prot="public" virt="non-virtual"><scope>Escola</scope><name>showAluno</name></member>
      <member refid="class_escola_1a3578c85887dd28c9d0b6f7c7f10f3020" prot="public" virt="non-virtual"><scope>Escola</scope><name>showDisciplina</name></member>
      <member refid="class_escola_1addc6cd7b85c6fdba76dd536c580c16c8" prot="public" virt="non-virtual"><scope>Escola</scope><name>showProfessor</name></member>
      <member refid="class_escola_1a91096932c5326cb2e5c30cbd860c126c" prot="public" virt="non-virtual"><scope>Escola</scope><name>showTurma</name></member>
      <member refid="class_escola_1ab8ae7317b753dbe8308a60ac39d4f714" prot="public" virt="non-virtual"><scope>Escola</scope><name>updateAluno</name></member>
      <member refid="class_escola_1a3e5bd122514b59138e8fac07ca63e23a" prot="public" virt="non-virtual"><scope>Escola</scope><name>updateDisciplina</name></member>
      <member refid="class_escola_1a409612d09d981eb7e6e3a532080d7aed" prot="public" virt="non-virtual"><scope>Escola</scope><name>updateProfessor</name></member>
      <member refid="class_escola_1a50eb8daf94842be3184daa133140157d" prot="public" virt="non-virtual"><scope>Escola</scope><name>updateTurma</name></member>
      <member refid="class_escola_1a63c8d064ec2308e2ddfc86a16b67eea8" prot="public" virt="non-virtual"><scope>Escola</scope><name>~Escola</name></member>
    </listofallmembers>
  </compounddef>
</doxygen>
