<?xml version='1.0' encoding='UTF-8' standalone='no'?>
<doxygen xmlns:xsi="http://www.w3.org/2001/XMLSchema-instance" xsi:noNamespaceSchemaLocation="compound.xsd" version="1.8.3">
  <compounddef id="class_duracao_excedida" kind="class" prot="public">
    <compoundname>DuracaoExcedida</compoundname>
      <sectiondef kind="public-attrib">
      <memberdef kind="variable" id="class_duracao_excedida_1a9a6e5e0de552c9c6d10e8b387e7db03a" prot="public" static="no" mutable="no">
        <type>int</type>
        <definition>int DuracaoExcedida::_duracao</definition>
        <argsstring></argsstring>
        <name>_duracao</name>
        <briefdescription>
        </briefdescription>
        <detaileddescription>
        </detaileddescription>
        <inbodydescription>
        </inbodydescription>
        <location file="E:/Documentos/git/AEDA_TP1/AEDA_TP1/Excepcao.h" line="117" bodyfile="E:/Documentos/git/AEDA_TP1/AEDA_TP1/Excepcao.h" bodystart="117" bodyend="-1"/>
      </memberdef>
      </sectiondef>
      <sectiondef kind="public-func">
      <memberdef kind="function" id="class_duracao_excedida_1a99e2ea6501cd6c8191b36395c2216055" prot="public" static="no" const="no" explicit="no" inline="yes" virt="non-virtual">
        <type></type>
        <definition>DuracaoExcedida::DuracaoExcedida</definition>
        <argsstring>(int d)</argsstring>
        <name>DuracaoExcedida</name>
        <param>
          <type>int</type>
          <declname>d</declname>
        </param>
        <briefdescription>
        </briefdescription>
        <detaileddescription>
        </detaileddescription>
        <inbodydescription>
        </inbodydescription>
        <location file="E:/Documentos/git/AEDA_TP1/AEDA_TP1/Excepcao.h" line="119" bodyfile="E:/Documentos/git/AEDA_TP1/AEDA_TP1/Excepcao.h" bodystart="119" bodyend="121"/>
      </memberdef>
      <memberdef kind="function" id="class_duracao_excedida_1af83836450fa7d721d277b80e6b145ff4" prot="public" static="no" const="yes" explicit="no" inline="yes" virt="non-virtual">
        <type>string</type>
        <definition>string DuracaoExcedida::getErro</definition>
        <argsstring>() const </argsstring>
        <name>getErro</name>
        <briefdescription>
        </briefdescription>
        <detaileddescription>
        </detaileddescription>
        <inbodydescription>
        </inbodydescription>
        <location file="E:/Documentos/git/AEDA_TP1/AEDA_TP1/Excepcao.h" line="123" bodyfile="E:/Documentos/git/AEDA_TP1/AEDA_TP1/Excepcao.h" bodystart="123" bodyend="127"/>
      </memberdef>
      </sectiondef>
    <briefdescription>
    </briefdescription>
    <detaileddescription>
    </detaileddescription>
    <location file="E:/Documentos/git/AEDA_TP1/AEDA_TP1/Excepcao.h" line="114" bodyfile="E:/Documentos/git/AEDA_TP1/AEDA_TP1/Excepcao.h" bodystart="114" bodyend="128"/>
    <listofallmembers>
      <member refid="class_duracao_excedida_1a9a6e5e0de552c9c6d10e8b387e7db03a" prot="public" virt="non-virtual"><scope>DuracaoExcedida</scope><name>_duracao</name></member>
      <member refid="class_duracao_excedida_1a99e2ea6501cd6c8191b36395c2216055" prot="public" virt="non-virtual"><scope>DuracaoExcedida</scope><name>DuracaoExcedida</name></member>
      <member refid="class_duracao_excedida_1af83836450fa7d721d277b80e6b145ff4" prot="public" virt="non-virtual"><scope>DuracaoExcedida</scope><name>getErro</name></member>
    </listofallmembers>
  </compounddef>
</doxygen>
