<?xml version='1.0' encoding='UTF-8' standalone='no'?>
<doxygen xmlns:xsi="http://www.w3.org/2001/XMLSchema-instance" xsi:noNamespaceSchemaLocation="compound.xsd" version="1.8.3">
  <compounddef id="main_8cpp" kind="file">
    <compoundname>main.cpp</compoundname>
    <includes local="no">string.h</includes>
    <includes local="no">iostream</includes>
    <includes local="no">sstream</includes>
    <includes local="no">vector</includes>
    <includes refid="_excepcao_8h" local="yes">Excepcao.h</includes>
    <includes refid="_escola_8h" local="yes">Escola.h</includes>
    <includes refid="_aluno_8h" local="yes">Aluno.h</includes>
    <includes refid="_professor_8h" local="yes">Professor.h</includes>
    <includes refid="_turma_8h" local="yes">Turma.h</includes>
    <includes refid="_disciplina_8h" local="yes">Disciplina.h</includes>
    <includes refid="_horario_8h" local="yes">Horario.h</includes>
    <incdepgraph>
      <node id="107">
        <label>Professor.h</label>
        <link refid="_professor_8h_source"/>
        <childnode refid="105" relation="include">
        </childnode>
        <childnode refid="99" relation="include">
        </childnode>
        <childnode refid="100" relation="include">
        </childnode>
        <childnode refid="102" relation="include">
        </childnode>
        <childnode refid="104" relation="include">
        </childnode>
      </node>
      <node id="106">
        <label>Aluno.h</label>
        <link refid="_aluno_8h_source"/>
        <childnode refid="105" relation="include">
        </childnode>
        <childnode refid="102" relation="include">
        </childnode>
        <childnode refid="107" relation="include">
        </childnode>
      </node>
      <node id="105">
        <label>string</label>
      </node>
      <node id="96">
        <label>main.cpp</label>
        <link refid="main.cpp"/>
        <childnode refid="97" relation="include">
        </childnode>
        <childnode refid="98" relation="include">
        </childnode>
        <childnode refid="99" relation="include">
        </childnode>
        <childnode refid="100" relation="include">
        </childnode>
        <childnode refid="101" relation="include">
        </childnode>
        <childnode refid="108" relation="include">
        </childnode>
        <childnode refid="106" relation="include">
        </childnode>
        <childnode refid="107" relation="include">
        </childnode>
        <childnode refid="102" relation="include">
        </childnode>
        <childnode refid="104" relation="include">
        </childnode>
        <childnode refid="103" relation="include">
        </childnode>
      </node>
      <node id="97">
        <label>string.h</label>
      </node>
      <node id="102">
        <label>Turma.h</label>
        <link refid="_turma_8h_source"/>
        <childnode refid="103" relation="include">
        </childnode>
      </node>
      <node id="100">
        <label>vector</label>
      </node>
      <node id="99">
        <label>sstream</label>
      </node>
      <node id="104">
        <label>Disciplina.h</label>
        <link refid="_disciplina_8h_source"/>
        <childnode refid="105" relation="include">
        </childnode>
        <childnode refid="100" relation="include">
        </childnode>
      </node>
      <node id="98">
        <label>iostream</label>
      </node>
      <node id="108">
        <label>Escola.h</label>
        <link refid="_escola_8h_source"/>
        <childnode refid="106" relation="include">
        </childnode>
        <childnode refid="102" relation="include">
        </childnode>
        <childnode refid="101" relation="include">
        </childnode>
        <childnode refid="103" relation="include">
        </childnode>
        <childnode refid="104" relation="include">
        </childnode>
        <childnode refid="107" relation="include">
        </childnode>
      </node>
      <node id="103">
        <label>Horario.h</label>
        <link refid="_horario_8h_source"/>
        <childnode refid="100" relation="include">
        </childnode>
        <childnode refid="104" relation="include">
        </childnode>
      </node>
      <node id="101">
        <label>Excepcao.h</label>
        <link refid="_excepcao_8h_source"/>
        <childnode refid="99" relation="include">
        </childnode>
        <childnode refid="102" relation="include">
        </childnode>
        <childnode refid="104" relation="include">
        </childnode>
        <childnode refid="103" relation="include">
        </childnode>
        <childnode refid="106" relation="include">
        </childnode>
        <childnode refid="107" relation="include">
        </childnode>
      </node>
    </incdepgraph>
      <sectiondef kind="func">
      <memberdef kind="function" id="main_8cpp_1ab5365a248c6689f9f06fb994e10c1724" prot="public" static="no" const="no" explicit="no" inline="no" virt="non-virtual">
        <type>void</type>
        <definition>void menuManutencao</definition>
        <argsstring>(Escola *escola)</argsstring>
        <name>menuManutencao</name>
        <param>
          <type><ref refid="class_escola" kindref="compound">Escola</ref> *</type>
          <declname>escola</declname>
        </param>
        <briefdescription>
        </briefdescription>
        <detaileddescription>
        </detaileddescription>
        <inbodydescription>
        </inbodydescription>
        <location file="E:/Documentos/git/AEDA_TP1/AEDA_TP1/main.cpp" line="16" bodyfile="E:/Documentos/git/AEDA_TP1/AEDA_TP1/main.cpp" bodystart="69" bodyend="104"/>
      </memberdef>
      <memberdef kind="function" id="main_8cpp_1aa886dae8b07d6f689636c920b562e176" prot="public" static="no" const="no" explicit="no" inline="no" virt="non-virtual">
        <type>void</type>
        <definition>void manutencao</definition>
        <argsstring>(int i, Escola *escola)</argsstring>
        <name>manutencao</name>
        <param>
          <type>int</type>
          <declname>i</declname>
        </param>
        <param>
          <type><ref refid="class_escola" kindref="compound">Escola</ref> *</type>
          <declname>escola</declname>
        </param>
        <briefdescription>
        </briefdescription>
        <detaileddescription>
        </detaileddescription>
        <inbodydescription>
        </inbodydescription>
        <location file="E:/Documentos/git/AEDA_TP1/AEDA_TP1/main.cpp" line="17" bodyfile="E:/Documentos/git/AEDA_TP1/AEDA_TP1/main.cpp" bodystart="106" bodyend="152"/>
      </memberdef>
      <memberdef kind="function" id="main_8cpp_1ab78ae9ebf8767515e094c982fe6e859a" prot="public" static="no" const="no" explicit="no" inline="no" virt="non-virtual">
        <type>void</type>
        <definition>void menuAssociacoes</definition>
        <argsstring>()</argsstring>
        <name>menuAssociacoes</name>
        <briefdescription>
        </briefdescription>
        <detaileddescription>
        </detaileddescription>
        <inbodydescription>
        </inbodydescription>
        <location file="E:/Documentos/git/AEDA_TP1/AEDA_TP1/main.cpp" line="20" bodyfile="E:/Documentos/git/AEDA_TP1/AEDA_TP1/main.cpp" bodystart="154" bodyend="156"/>
      </memberdef>
      <memberdef kind="function" id="main_8cpp_1a2375e99819c22ec97f5d90302ed9c587" prot="public" static="no" const="no" explicit="no" inline="no" virt="non-virtual">
        <type>void</type>
        <definition>void menuListagens</definition>
        <argsstring>()</argsstring>
        <name>menuListagens</name>
        <briefdescription>
        </briefdescription>
        <detaileddescription>
        </detaileddescription>
        <inbodydescription>
        </inbodydescription>
        <location file="E:/Documentos/git/AEDA_TP1/AEDA_TP1/main.cpp" line="23" bodyfile="E:/Documentos/git/AEDA_TP1/AEDA_TP1/main.cpp" bodystart="158" bodyend="160"/>
      </memberdef>
      <memberdef kind="function" id="main_8cpp_1a620dc0018517c5ad8213d13dd9466e9f" prot="public" static="no" const="no" explicit="no" inline="no" virt="non-virtual">
        <type>bool</type>
        <definition>bool criar</definition>
        <argsstring>(int i, Escola *escola)</argsstring>
        <name>criar</name>
        <param>
          <type>int</type>
          <declname>i</declname>
        </param>
        <param>
          <type><ref refid="class_escola" kindref="compound">Escola</ref> *</type>
          <declname>escola</declname>
        </param>
        <briefdescription>
        </briefdescription>
        <detaileddescription>
        </detaileddescription>
        <inbodydescription>
        </inbodydescription>
        <location file="E:/Documentos/git/AEDA_TP1/AEDA_TP1/main.cpp" line="26" bodyfile="E:/Documentos/git/AEDA_TP1/AEDA_TP1/main.cpp" bodystart="162" bodyend="285"/>
      </memberdef>
      <memberdef kind="function" id="main_8cpp_1a9b4cd2fb9e010f8468e158ce912f6a16" prot="public" static="no" const="no" explicit="no" inline="no" virt="non-virtual">
        <type>bool</type>
        <definition>bool ler</definition>
        <argsstring>(int i, Escola *escola)</argsstring>
        <name>ler</name>
        <param>
          <type>int</type>
          <declname>i</declname>
        </param>
        <param>
          <type><ref refid="class_escola" kindref="compound">Escola</ref> *</type>
          <declname>escola</declname>
        </param>
        <briefdescription>
        </briefdescription>
        <detaileddescription>
        </detaileddescription>
        <inbodydescription>
        </inbodydescription>
        <location file="E:/Documentos/git/AEDA_TP1/AEDA_TP1/main.cpp" line="27" bodyfile="E:/Documentos/git/AEDA_TP1/AEDA_TP1/main.cpp" bodystart="287" bodyend="344"/>
      </memberdef>
      <memberdef kind="function" id="main_8cpp_1ae66f6b31b5ad750f1fe042a706a4e3d4" prot="public" static="no" const="no" explicit="no" inline="no" virt="non-virtual">
        <type>int</type>
        <definition>int main</definition>
        <argsstring>()</argsstring>
        <name>main</name>
        <briefdescription>
        </briefdescription>
        <detaileddescription>
        </detaileddescription>
        <inbodydescription>
        </inbodydescription>
        <location file="E:/Documentos/git/AEDA_TP1/AEDA_TP1/main.cpp" line="32" bodyfile="E:/Documentos/git/AEDA_TP1/AEDA_TP1/main.cpp" bodystart="32" bodyend="67"/>
      </memberdef>
      </sectiondef>
    <briefdescription>
    </briefdescription>
    <detaileddescription>
    </detaileddescription>
    <programlisting>
<codeline lineno="1"><highlight class="preprocessor">#include<sp/>&lt;string.h&gt;</highlight><highlight class="normal"></highlight></codeline>
<codeline lineno="2"><highlight class="normal"></highlight><highlight class="preprocessor">#include<sp/>&lt;iostream&gt;</highlight><highlight class="normal"></highlight></codeline>
<codeline lineno="3"><highlight class="normal"></highlight><highlight class="preprocessor">#include<sp/>&lt;sstream&gt;</highlight><highlight class="normal"></highlight></codeline>
<codeline lineno="4"><highlight class="normal"></highlight><highlight class="preprocessor">#include<sp/>&lt;vector&gt;</highlight><highlight class="normal"></highlight></codeline>
<codeline lineno="5"><highlight class="normal"></highlight><highlight class="preprocessor">#include<sp/>&quot;Excepcao.h&quot;</highlight><highlight class="normal"></highlight></codeline>
<codeline lineno="6"><highlight class="normal"></highlight><highlight class="preprocessor">#include<sp/>&quot;Escola.h&quot;</highlight><highlight class="normal"></highlight></codeline>
<codeline lineno="7"><highlight class="normal"></highlight><highlight class="preprocessor">#include<sp/>&quot;Aluno.h&quot;</highlight><highlight class="normal"></highlight></codeline>
<codeline lineno="8"><highlight class="normal"></highlight><highlight class="preprocessor">#include<sp/>&quot;Professor.h&quot;</highlight><highlight class="normal"></highlight></codeline>
<codeline lineno="9"><highlight class="normal"></highlight><highlight class="preprocessor">#include<sp/>&quot;Turma.h&quot;</highlight><highlight class="normal"></highlight></codeline>
<codeline lineno="10"><highlight class="normal"></highlight><highlight class="preprocessor">#include<sp/>&quot;Disciplina.h&quot;</highlight><highlight class="normal"></highlight></codeline>
<codeline lineno="11"><highlight class="normal"></highlight><highlight class="preprocessor">#include<sp/>&quot;Horario.h&quot;</highlight><highlight class="normal"></highlight></codeline>
<codeline lineno="12"><highlight class="normal"></highlight></codeline>
<codeline lineno="13"><highlight class="normal"></highlight><highlight class="keyword">using<sp/>namespace<sp/></highlight><highlight class="normal">std;</highlight></codeline>
<codeline lineno="14"><highlight class="normal"></highlight></codeline>
<codeline lineno="16"><highlight class="keywordtype">void</highlight><highlight class="normal"><sp/>menuManutencao(<ref refid="class_escola" kindref="compound" tooltip="Representa uma Escola contendo todos os seus Alunos, Professores, Turmas, Disciplinas e Horarios...">Escola</ref><sp/>*<sp/>escola);</highlight></codeline>
<codeline lineno="17"><highlight class="normal"></highlight><highlight class="keywordtype">void</highlight><highlight class="normal"><sp/>manutencao(</highlight><highlight class="keywordtype">int</highlight><highlight class="normal"><sp/>i,<sp/><ref refid="class_escola" kindref="compound" tooltip="Representa uma Escola contendo todos os seus Alunos, Professores, Turmas, Disciplinas e Horarios...">Escola</ref><sp/>*<sp/>escola);</highlight></codeline>
<codeline lineno="18"><highlight class="normal"></highlight></codeline>
<codeline lineno="19"><highlight class="normal"></highlight><highlight class="comment">//Associacao</highlight><highlight class="normal"></highlight></codeline>
<codeline lineno="20"><highlight class="normal"></highlight><highlight class="keywordtype">void</highlight><highlight class="normal"><sp/>menuAssociacoes();</highlight></codeline>
<codeline lineno="21"><highlight class="normal"></highlight></codeline>
<codeline lineno="23"><highlight class="keywordtype">void</highlight><highlight class="normal"><sp/>menuListagens();</highlight></codeline>
<codeline lineno="24"><highlight class="normal"></highlight></codeline>
<codeline lineno="26"><highlight class="keywordtype">bool</highlight><highlight class="normal"><sp/>criar(</highlight><highlight class="keywordtype">int</highlight><highlight class="normal"><sp/>i,<sp/><ref refid="class_escola" kindref="compound" tooltip="Representa uma Escola contendo todos os seus Alunos, Professores, Turmas, Disciplinas e Horarios...">Escola</ref><sp/>*<sp/>escola);</highlight></codeline>
<codeline lineno="27"><highlight class="normal"></highlight><highlight class="keywordtype">bool</highlight><highlight class="normal"><sp/>ler(</highlight><highlight class="keywordtype">int</highlight><highlight class="normal"><sp/>i,<sp/><ref refid="class_escola" kindref="compound" tooltip="Representa uma Escola contendo todos os seus Alunos, Professores, Turmas, Disciplinas e Horarios...">Escola</ref><sp/>*<sp/>escola);</highlight></codeline>
<codeline lineno="28"><highlight class="normal"></highlight><highlight class="comment">//bool<sp/>actualizar(int<sp/>i);</highlight><highlight class="normal"></highlight></codeline>
<codeline lineno="29"><highlight class="normal"></highlight><highlight class="comment">//bool<sp/>eliminar(int<sp/>i);</highlight><highlight class="normal"></highlight></codeline>
<codeline lineno="30"><highlight class="normal"></highlight></codeline>
<codeline lineno="31"><highlight class="normal"></highlight></codeline>
<codeline lineno="32"><highlight class="normal"></highlight><highlight class="keywordtype">int</highlight><highlight class="normal"><sp/>main()<sp/>{</highlight></codeline>
<codeline lineno="33"><highlight class="normal"></highlight></codeline>
<codeline lineno="34"><highlight class="normal"><sp/><sp/><sp/><sp/></highlight><highlight class="keywordtype">int</highlight><highlight class="normal"><sp/>opccao;</highlight></codeline>
<codeline lineno="35"><highlight class="normal"><sp/><sp/><sp/><sp/><ref refid="class_escola" kindref="compound" tooltip="Representa uma Escola contendo todos os seus Alunos, Professores, Turmas, Disciplinas e Horarios...">Escola</ref><sp/>*<sp/>escola<sp/>=<sp/></highlight><highlight class="keyword">new</highlight><highlight class="normal"><sp/><ref refid="class_escola" kindref="compound" tooltip="Representa uma Escola contendo todos os seus Alunos, Professores, Turmas, Disciplinas e Horarios...">Escola</ref>();</highlight></codeline>
<codeline lineno="36"><highlight class="normal"></highlight></codeline>
<codeline lineno="37"><highlight class="normal"><sp/><sp/><sp/><sp/></highlight><highlight class="keywordflow">do</highlight><highlight class="normal"><sp/>{</highlight></codeline>
<codeline lineno="38"><highlight class="normal"><sp/><sp/><sp/><sp/><sp/><sp/><sp/><sp/>cout<sp/>&lt;&lt;<sp/></highlight><highlight class="stringliteral">&quot;##############################&quot;</highlight><highlight class="normal"><sp/>&lt;&lt;<sp/>endl;</highlight></codeline>
<codeline lineno="39"><highlight class="normal"><sp/><sp/><sp/><sp/><sp/><sp/><sp/><sp/>cout<sp/>&lt;&lt;<sp/></highlight><highlight class="stringliteral">&quot;#Gestao<sp/>de<sp/>turmas<sp/>numa<sp/>escola#&quot;</highlight><highlight class="normal"><sp/>&lt;&lt;<sp/>endl;</highlight></codeline>
<codeline lineno="40"><highlight class="normal"><sp/><sp/><sp/><sp/><sp/><sp/><sp/><sp/>cout<sp/>&lt;&lt;<sp/></highlight><highlight class="stringliteral">&quot;##############################&quot;</highlight><highlight class="normal"><sp/>&lt;&lt;<sp/>endl;</highlight></codeline>
<codeline lineno="41"><highlight class="normal"><sp/><sp/><sp/><sp/><sp/><sp/><sp/><sp/>cout<sp/>&lt;&lt;<sp/></highlight><highlight class="stringliteral">&quot;1.<sp/>Manutencao<sp/>das<sp/>entidades&quot;</highlight><highlight class="normal"><sp/>&lt;&lt;<sp/>endl;</highlight></codeline>
<codeline lineno="42"><highlight class="normal"><sp/><sp/><sp/><sp/><sp/><sp/><sp/><sp/>cout<sp/>&lt;&lt;<sp/></highlight><highlight class="stringliteral">&quot;2.<sp/>Fazer<sp/>associacoes<sp/>entre<sp/>entidades&quot;</highlight><highlight class="normal"><sp/>&lt;&lt;<sp/>endl;</highlight></codeline>
<codeline lineno="43"><highlight class="normal"><sp/><sp/><sp/><sp/><sp/><sp/><sp/><sp/>cout<sp/>&lt;&lt;<sp/></highlight><highlight class="stringliteral">&quot;3.<sp/>Listagens&quot;</highlight><highlight class="normal"><sp/>&lt;&lt;<sp/>endl;</highlight></codeline>
<codeline lineno="44"><highlight class="normal"><sp/><sp/><sp/><sp/><sp/><sp/><sp/><sp/>cout<sp/>&lt;&lt;<sp/></highlight><highlight class="stringliteral">&quot;4.<sp/>Sair&quot;</highlight><highlight class="normal"><sp/>&lt;&lt;<sp/>endl;</highlight></codeline>
<codeline lineno="45"><highlight class="normal"></highlight></codeline>
<codeline lineno="46"><highlight class="normal"><sp/><sp/><sp/><sp/><sp/><sp/><sp/><sp/>cin<sp/>&gt;&gt;<sp/>opccao;</highlight></codeline>
<codeline lineno="47"><highlight class="normal"></highlight></codeline>
<codeline lineno="48"><highlight class="normal"><sp/><sp/><sp/><sp/><sp/><sp/><sp/><sp/></highlight><highlight class="keywordflow">switch</highlight><highlight class="normal"><sp/>(opccao)<sp/>{</highlight></codeline>
<codeline lineno="49"><highlight class="normal"><sp/><sp/><sp/><sp/><sp/><sp/><sp/><sp/></highlight><highlight class="keywordflow">case</highlight><highlight class="normal"><sp/>1:</highlight></codeline>
<codeline lineno="50"><highlight class="normal"><sp/><sp/><sp/><sp/><sp/><sp/><sp/><sp/><sp/><sp/><sp/><sp/>menuManutencao(escola);</highlight></codeline>
<codeline lineno="51"><highlight class="normal"><sp/><sp/><sp/><sp/><sp/><sp/><sp/><sp/><sp/><sp/><sp/><sp/></highlight><highlight class="keywordflow">break</highlight><highlight class="normal">;</highlight></codeline>
<codeline lineno="52"><highlight class="normal"><sp/><sp/><sp/><sp/><sp/><sp/><sp/><sp/></highlight><highlight class="keywordflow">case</highlight><highlight class="normal"><sp/>2:</highlight></codeline>
<codeline lineno="53"><highlight class="normal"><sp/><sp/><sp/><sp/><sp/><sp/><sp/><sp/><sp/><sp/><sp/><sp/>menuAssociacoes();</highlight></codeline>
<codeline lineno="54"><highlight class="normal"><sp/><sp/><sp/><sp/><sp/><sp/><sp/><sp/><sp/><sp/><sp/><sp/></highlight><highlight class="keywordflow">break</highlight><highlight class="normal">;</highlight></codeline>
<codeline lineno="55"><highlight class="normal"><sp/><sp/><sp/><sp/><sp/><sp/><sp/><sp/></highlight><highlight class="keywordflow">case</highlight><highlight class="normal"><sp/>3:</highlight></codeline>
<codeline lineno="56"><highlight class="normal"><sp/><sp/><sp/><sp/><sp/><sp/><sp/><sp/><sp/><sp/><sp/><sp/>menuListagens();</highlight></codeline>
<codeline lineno="57"><highlight class="normal"><sp/><sp/><sp/><sp/><sp/><sp/><sp/><sp/><sp/><sp/><sp/><sp/></highlight><highlight class="keywordflow">break</highlight><highlight class="normal">;</highlight></codeline>
<codeline lineno="58"><highlight class="normal"><sp/><sp/><sp/><sp/><sp/><sp/><sp/><sp/></highlight><highlight class="keywordflow">case</highlight><highlight class="normal"><sp/>4:</highlight></codeline>
<codeline lineno="59"><highlight class="normal"><sp/><sp/><sp/><sp/><sp/><sp/><sp/><sp/><sp/><sp/><sp/><sp/></highlight><highlight class="keywordflow">break</highlight><highlight class="normal">;</highlight></codeline>
<codeline lineno="60"><highlight class="normal"><sp/><sp/><sp/><sp/><sp/><sp/><sp/><sp/></highlight><highlight class="keywordflow">default</highlight><highlight class="normal">:</highlight></codeline>
<codeline lineno="61"><highlight class="normal"><sp/><sp/><sp/><sp/><sp/><sp/><sp/><sp/><sp/><sp/><sp/><sp/>cout<sp/>&lt;&lt;<sp/></highlight><highlight class="stringliteral">&quot;A<sp/>opccao<sp/>escolhida<sp/>nao<sp/>existe.<sp/>Escolha<sp/>outra.&quot;</highlight><highlight class="normal"><sp/>&lt;&lt;<sp/>endl;</highlight></codeline>
<codeline lineno="62"><highlight class="normal"><sp/><sp/><sp/><sp/><sp/><sp/><sp/><sp/><sp/><sp/><sp/><sp/></highlight><highlight class="keywordflow">break</highlight><highlight class="normal">;</highlight></codeline>
<codeline lineno="63"><highlight class="normal"><sp/><sp/><sp/><sp/><sp/><sp/><sp/><sp/>}</highlight></codeline>
<codeline lineno="64"><highlight class="normal"><sp/><sp/><sp/><sp/>}<sp/></highlight><highlight class="keywordflow">while</highlight><highlight class="normal"><sp/>(opccao<sp/>!=<sp/>4);</highlight></codeline>
<codeline lineno="65"><highlight class="normal"></highlight></codeline>
<codeline lineno="66"><highlight class="normal"><sp/><sp/><sp/><sp/></highlight><highlight class="keywordflow">return</highlight><highlight class="normal"><sp/>0;</highlight></codeline>
<codeline lineno="67"><highlight class="normal">}</highlight></codeline>
<codeline lineno="68"><highlight class="normal"></highlight></codeline>
<codeline lineno="69"><highlight class="normal"></highlight><highlight class="keywordtype">void</highlight><highlight class="normal"><sp/>menuManutencao(<ref refid="class_escola" kindref="compound" tooltip="Representa uma Escola contendo todos os seus Alunos, Professores, Turmas, Disciplinas e Horarios...">Escola</ref><sp/>*<sp/>escola)<sp/>{</highlight></codeline>
<codeline lineno="70"><highlight class="normal"><sp/><sp/><sp/><sp/></highlight><highlight class="keywordtype">int</highlight><highlight class="normal"><sp/>mmo;</highlight></codeline>
<codeline lineno="71"><highlight class="normal"></highlight></codeline>
<codeline lineno="72"><highlight class="normal"><sp/><sp/><sp/><sp/></highlight><highlight class="keywordflow">do</highlight><highlight class="normal"><sp/>{</highlight></codeline>
<codeline lineno="73"><highlight class="normal"><sp/><sp/><sp/><sp/><sp/><sp/><sp/><sp/>cout<sp/>&lt;&lt;<sp/></highlight><highlight class="stringliteral">&quot;##############################&quot;</highlight><highlight class="normal"><sp/>&lt;&lt;<sp/>endl;</highlight></codeline>
<codeline lineno="74"><highlight class="normal"><sp/><sp/><sp/><sp/><sp/><sp/><sp/><sp/>cout<sp/>&lt;&lt;<sp/></highlight><highlight class="stringliteral">&quot;#Gestao<sp/>de<sp/>turmas<sp/>numa<sp/>escola#&quot;</highlight><highlight class="normal"><sp/>&lt;&lt;<sp/>endl;</highlight></codeline>
<codeline lineno="75"><highlight class="normal"><sp/><sp/><sp/><sp/><sp/><sp/><sp/><sp/>cout<sp/>&lt;&lt;<sp/></highlight><highlight class="stringliteral">&quot;##############################&quot;</highlight><highlight class="normal"><sp/>&lt;&lt;<sp/>endl;</highlight></codeline>
<codeline lineno="76"><highlight class="normal"><sp/><sp/><sp/><sp/><sp/><sp/><sp/><sp/>cout<sp/>&lt;&lt;<sp/></highlight><highlight class="stringliteral">&quot;1.<sp/>Manutencao<sp/>de<sp/>alunos&quot;</highlight><highlight class="normal"><sp/>&lt;&lt;<sp/>endl;</highlight></codeline>
<codeline lineno="77"><highlight class="normal"><sp/><sp/><sp/><sp/><sp/><sp/><sp/><sp/>cout<sp/>&lt;&lt;<sp/></highlight><highlight class="stringliteral">&quot;2.<sp/>Manutencao<sp/>de<sp/>professores<sp/>e<sp/>directores<sp/>de<sp/>turma&quot;</highlight><highlight class="normal"><sp/>&lt;&lt;<sp/>endl;</highlight></codeline>
<codeline lineno="78"><highlight class="normal"><sp/><sp/><sp/><sp/><sp/><sp/><sp/><sp/>cout<sp/>&lt;&lt;<sp/></highlight><highlight class="stringliteral">&quot;3.<sp/>Manutencao<sp/>de<sp/>turmas&quot;</highlight><highlight class="normal"><sp/>&lt;&lt;<sp/>endl;</highlight></codeline>
<codeline lineno="79"><highlight class="normal"><sp/><sp/><sp/><sp/><sp/><sp/><sp/><sp/>cout<sp/>&lt;&lt;<sp/></highlight><highlight class="stringliteral">&quot;4.<sp/>Manutencao<sp/>de<sp/>disciplinas&quot;</highlight><highlight class="normal"><sp/>&lt;&lt;<sp/>endl;</highlight></codeline>
<codeline lineno="80"><highlight class="normal"><sp/><sp/><sp/><sp/><sp/><sp/><sp/><sp/>cout<sp/>&lt;&lt;<sp/></highlight><highlight class="stringliteral">&quot;5.<sp/>Voltar&quot;</highlight><highlight class="normal"><sp/>&lt;&lt;<sp/>endl;</highlight></codeline>
<codeline lineno="81"><highlight class="normal"></highlight></codeline>
<codeline lineno="82"><highlight class="normal"><sp/><sp/><sp/><sp/><sp/><sp/><sp/><sp/>cin<sp/>&gt;&gt;<sp/>mmo;</highlight></codeline>
<codeline lineno="83"><highlight class="normal"></highlight></codeline>
<codeline lineno="84"><highlight class="normal"><sp/><sp/><sp/><sp/><sp/><sp/><sp/><sp/></highlight><highlight class="keywordflow">switch</highlight><highlight class="normal"><sp/>(mmo)<sp/>{</highlight></codeline>
<codeline lineno="85"><highlight class="normal"><sp/><sp/><sp/><sp/><sp/><sp/><sp/><sp/></highlight><highlight class="keywordflow">case</highlight><highlight class="normal"><sp/>1:</highlight></codeline>
<codeline lineno="86"><highlight class="normal"><sp/><sp/><sp/><sp/><sp/><sp/><sp/><sp/><sp/><sp/><sp/><sp/>manutencao(1,<sp/>escola);</highlight></codeline>
<codeline lineno="87"><highlight class="normal"><sp/><sp/><sp/><sp/><sp/><sp/><sp/><sp/><sp/><sp/><sp/><sp/></highlight><highlight class="keywordflow">break</highlight><highlight class="normal">;</highlight></codeline>
<codeline lineno="88"><highlight class="normal"><sp/><sp/><sp/><sp/><sp/><sp/><sp/><sp/></highlight><highlight class="keywordflow">case</highlight><highlight class="normal"><sp/>2:</highlight></codeline>
<codeline lineno="89"><highlight class="normal"><sp/><sp/><sp/><sp/><sp/><sp/><sp/><sp/><sp/><sp/><sp/><sp/>manutencao(2,<sp/>escola);</highlight></codeline>
<codeline lineno="90"><highlight class="normal"><sp/><sp/><sp/><sp/><sp/><sp/><sp/><sp/><sp/><sp/><sp/><sp/></highlight><highlight class="keywordflow">break</highlight><highlight class="normal">;</highlight></codeline>
<codeline lineno="91"><highlight class="normal"><sp/><sp/><sp/><sp/><sp/><sp/><sp/><sp/></highlight><highlight class="keywordflow">case</highlight><highlight class="normal"><sp/>3:</highlight></codeline>
<codeline lineno="92"><highlight class="normal"><sp/><sp/><sp/><sp/><sp/><sp/><sp/><sp/><sp/><sp/><sp/><sp/>manutencao(3,<sp/>escola);</highlight></codeline>
<codeline lineno="93"><highlight class="normal"><sp/><sp/><sp/><sp/><sp/><sp/><sp/><sp/><sp/><sp/><sp/><sp/></highlight><highlight class="keywordflow">break</highlight><highlight class="normal">;</highlight></codeline>
<codeline lineno="94"><highlight class="normal"><sp/><sp/><sp/><sp/><sp/><sp/><sp/><sp/></highlight><highlight class="keywordflow">case</highlight><highlight class="normal"><sp/>4:</highlight></codeline>
<codeline lineno="95"><highlight class="normal"><sp/><sp/><sp/><sp/><sp/><sp/><sp/><sp/><sp/><sp/><sp/><sp/>manutencao(4,<sp/>escola);</highlight></codeline>
<codeline lineno="96"><highlight class="normal"><sp/><sp/><sp/><sp/><sp/><sp/><sp/><sp/><sp/><sp/><sp/><sp/></highlight><highlight class="keywordflow">break</highlight><highlight class="normal">;</highlight></codeline>
<codeline lineno="97"><highlight class="normal"><sp/><sp/><sp/><sp/><sp/><sp/><sp/><sp/></highlight><highlight class="keywordflow">case</highlight><highlight class="normal"><sp/>5:</highlight></codeline>
<codeline lineno="98"><highlight class="normal"><sp/><sp/><sp/><sp/><sp/><sp/><sp/><sp/><sp/><sp/><sp/><sp/></highlight><highlight class="keywordflow">break</highlight><highlight class="normal">;</highlight></codeline>
<codeline lineno="99"><highlight class="normal"><sp/><sp/><sp/><sp/><sp/><sp/><sp/><sp/></highlight><highlight class="keywordflow">default</highlight><highlight class="normal">:</highlight></codeline>
<codeline lineno="100"><highlight class="normal"><sp/><sp/><sp/><sp/><sp/><sp/><sp/><sp/><sp/><sp/><sp/><sp/>cout<sp/>&lt;&lt;<sp/></highlight><highlight class="stringliteral">&quot;A<sp/>opccao<sp/>escolhida<sp/>nao<sp/>existe.<sp/>Escolha<sp/>outra.&quot;</highlight><highlight class="normal"><sp/>&lt;&lt;<sp/>endl;</highlight></codeline>
<codeline lineno="101"><highlight class="normal"><sp/><sp/><sp/><sp/><sp/><sp/><sp/><sp/><sp/><sp/><sp/><sp/></highlight><highlight class="keywordflow">break</highlight><highlight class="normal">;</highlight></codeline>
<codeline lineno="102"><highlight class="normal"><sp/><sp/><sp/><sp/><sp/><sp/><sp/><sp/>}</highlight></codeline>
<codeline lineno="103"><highlight class="normal"><sp/><sp/><sp/><sp/>}<sp/></highlight><highlight class="keywordflow">while</highlight><highlight class="normal"><sp/>(mmo<sp/>!=<sp/>5);</highlight></codeline>
<codeline lineno="104"><highlight class="normal">}</highlight></codeline>
<codeline lineno="105"><highlight class="normal"></highlight></codeline>
<codeline lineno="106"><highlight class="normal"></highlight><highlight class="keywordtype">void</highlight><highlight class="normal"><sp/>manutencao(</highlight><highlight class="keywordtype">int</highlight><highlight class="normal"><sp/>i,<sp/><ref refid="class_escola" kindref="compound" tooltip="Representa uma Escola contendo todos os seus Alunos, Professores, Turmas, Disciplinas e Horarios...">Escola</ref><sp/>*<sp/>escola)<sp/>{</highlight></codeline>
<codeline lineno="107"><highlight class="normal"><sp/><sp/><sp/><sp/></highlight><highlight class="keywordtype">int</highlight><highlight class="normal"><sp/>crud;</highlight></codeline>
<codeline lineno="108"><highlight class="normal"><sp/><sp/><sp/><sp/></highlight><highlight class="keywordtype">string</highlight><highlight class="normal"><sp/>entidade;</highlight></codeline>
<codeline lineno="109"><highlight class="normal"></highlight></codeline>
<codeline lineno="110"><highlight class="normal"><sp/><sp/><sp/><sp/></highlight><highlight class="keywordflow">if</highlight><highlight class="normal"><sp/>(i<sp/>==<sp/>1)<sp/>{</highlight></codeline>
<codeline lineno="111"><highlight class="normal"><sp/><sp/><sp/><sp/><sp/><sp/><sp/><sp/>entidade<sp/>=<sp/></highlight><highlight class="stringliteral">&quot;aluno&quot;</highlight><highlight class="normal">;</highlight></codeline>
<codeline lineno="112"><highlight class="normal"><sp/><sp/><sp/><sp/>}<sp/></highlight><highlight class="keywordflow">else</highlight><highlight class="normal"><sp/></highlight><highlight class="keywordflow">if</highlight><highlight class="normal"><sp/>(i<sp/>==<sp/>2)<sp/>{</highlight></codeline>
<codeline lineno="113"><highlight class="normal"><sp/><sp/><sp/><sp/><sp/><sp/><sp/><sp/>entidade<sp/>=<sp/></highlight><highlight class="stringliteral">&quot;professor&quot;</highlight><highlight class="normal">;</highlight></codeline>
<codeline lineno="114"><highlight class="normal"><sp/><sp/><sp/><sp/>}<sp/></highlight><highlight class="keywordflow">else</highlight><highlight class="normal"><sp/></highlight><highlight class="keywordflow">if</highlight><highlight class="normal"><sp/>(i<sp/>==<sp/>3)<sp/>{</highlight></codeline>
<codeline lineno="115"><highlight class="normal"><sp/><sp/><sp/><sp/><sp/><sp/><sp/><sp/>entidade<sp/>=<sp/></highlight><highlight class="stringliteral">&quot;turma&quot;</highlight><highlight class="normal">;</highlight></codeline>
<codeline lineno="116"><highlight class="normal"><sp/><sp/><sp/><sp/>}<sp/></highlight><highlight class="keywordflow">else</highlight><highlight class="normal"><sp/>{</highlight></codeline>
<codeline lineno="117"><highlight class="normal"><sp/><sp/><sp/><sp/><sp/><sp/><sp/><sp/>entidade<sp/>=<sp/></highlight><highlight class="stringliteral">&quot;disciplina&quot;</highlight><highlight class="normal">;</highlight></codeline>
<codeline lineno="118"><highlight class="normal"><sp/><sp/><sp/><sp/>}</highlight></codeline>
<codeline lineno="119"><highlight class="normal"></highlight></codeline>
<codeline lineno="120"><highlight class="normal"><sp/><sp/><sp/><sp/></highlight><highlight class="keywordflow">do</highlight><highlight class="normal"><sp/>{</highlight></codeline>
<codeline lineno="121"><highlight class="normal"><sp/><sp/><sp/><sp/><sp/><sp/><sp/><sp/>cout<sp/>&lt;&lt;<sp/></highlight><highlight class="stringliteral">&quot;##############################&quot;</highlight><highlight class="normal"><sp/>&lt;&lt;<sp/>endl;</highlight></codeline>
<codeline lineno="122"><highlight class="normal"><sp/><sp/><sp/><sp/><sp/><sp/><sp/><sp/>cout<sp/>&lt;&lt;<sp/></highlight><highlight class="stringliteral">&quot;#Gestao<sp/>de<sp/>turmas<sp/>numa<sp/>escola#&quot;</highlight><highlight class="normal"><sp/>&lt;&lt;<sp/>endl;</highlight></codeline>
<codeline lineno="123"><highlight class="normal"><sp/><sp/><sp/><sp/><sp/><sp/><sp/><sp/>cout<sp/>&lt;&lt;<sp/></highlight><highlight class="stringliteral">&quot;##############################&quot;</highlight><highlight class="normal"><sp/>&lt;&lt;<sp/>endl;</highlight></codeline>
<codeline lineno="124"><highlight class="normal"><sp/><sp/><sp/><sp/><sp/><sp/><sp/><sp/>cout<sp/>&lt;&lt;<sp/></highlight><highlight class="stringliteral">&quot;1.<sp/>Criar<sp/>&quot;</highlight><highlight class="normal"><sp/>&lt;&lt;<sp/>entidade<sp/>&lt;&lt;<sp/>endl;</highlight></codeline>
<codeline lineno="125"><highlight class="normal"><sp/><sp/><sp/><sp/><sp/><sp/><sp/><sp/>cout<sp/>&lt;&lt;<sp/></highlight><highlight class="stringliteral">&quot;2.<sp/>Ler<sp/>&quot;</highlight><highlight class="normal"><sp/>&lt;&lt;<sp/>entidade<sp/>&lt;&lt;<sp/>endl;</highlight></codeline>
<codeline lineno="126"><highlight class="normal"><sp/><sp/><sp/><sp/><sp/><sp/><sp/><sp/>cout<sp/>&lt;&lt;<sp/></highlight><highlight class="stringliteral">&quot;3.<sp/>Actualizar<sp/>&quot;</highlight><highlight class="normal"><sp/>&lt;&lt;<sp/>entidade<sp/>&lt;&lt;<sp/>endl;</highlight></codeline>
<codeline lineno="127"><highlight class="normal"><sp/><sp/><sp/><sp/><sp/><sp/><sp/><sp/>cout<sp/>&lt;&lt;<sp/></highlight><highlight class="stringliteral">&quot;4.<sp/>Eliminar<sp/>&quot;</highlight><highlight class="normal"><sp/>&lt;&lt;<sp/>entidade<sp/>&lt;&lt;<sp/>endl;</highlight></codeline>
<codeline lineno="128"><highlight class="normal"><sp/><sp/><sp/><sp/><sp/><sp/><sp/><sp/>cout<sp/>&lt;&lt;<sp/></highlight><highlight class="stringliteral">&quot;5.<sp/>Voltar&quot;</highlight><highlight class="normal"><sp/>&lt;&lt;<sp/>endl;</highlight></codeline>
<codeline lineno="129"><highlight class="normal"></highlight></codeline>
<codeline lineno="130"><highlight class="normal"><sp/><sp/><sp/><sp/><sp/><sp/><sp/><sp/>cin<sp/>&gt;&gt;<sp/>crud;</highlight></codeline>
<codeline lineno="131"><highlight class="normal"><sp/><sp/><sp/><sp/><sp/><sp/><sp/><sp/></highlight></codeline>
<codeline lineno="132"><highlight class="normal"><sp/><sp/><sp/><sp/><sp/><sp/><sp/><sp/></highlight><highlight class="keywordflow">switch</highlight><highlight class="normal"><sp/>(crud)<sp/>{</highlight></codeline>
<codeline lineno="133"><highlight class="normal"><sp/><sp/><sp/><sp/><sp/><sp/><sp/><sp/></highlight><highlight class="keywordflow">case</highlight><highlight class="normal"><sp/>1:</highlight></codeline>
<codeline lineno="134"><highlight class="normal"><sp/><sp/><sp/><sp/><sp/><sp/><sp/><sp/><sp/><sp/><sp/><sp/>criar(i,<sp/>escola);</highlight></codeline>
<codeline lineno="135"><highlight class="normal"><sp/><sp/><sp/><sp/><sp/><sp/><sp/><sp/><sp/><sp/><sp/><sp/></highlight><highlight class="keywordflow">break</highlight><highlight class="normal">;</highlight></codeline>
<codeline lineno="136"><highlight class="normal"><sp/><sp/><sp/><sp/><sp/><sp/><sp/><sp/></highlight><highlight class="keywordflow">case</highlight><highlight class="normal"><sp/>2:</highlight></codeline>
<codeline lineno="137"><highlight class="normal"><sp/><sp/><sp/><sp/><sp/><sp/><sp/><sp/><sp/><sp/><sp/><sp/>ler(i,<sp/>escola);</highlight></codeline>
<codeline lineno="138"><highlight class="normal"><sp/><sp/><sp/><sp/><sp/><sp/><sp/><sp/><sp/><sp/><sp/><sp/></highlight><highlight class="keywordflow">break</highlight><highlight class="normal">;</highlight></codeline>
<codeline lineno="139"><highlight class="normal"><sp/><sp/><sp/><sp/><sp/><sp/><sp/><sp/></highlight><highlight class="keywordflow">case</highlight><highlight class="normal"><sp/>3:</highlight></codeline>
<codeline lineno="140"><highlight class="normal"><sp/><sp/><sp/><sp/><sp/><sp/><sp/><sp/><sp/><sp/><sp/><sp/></highlight><highlight class="comment">//actualizar(i);</highlight><highlight class="normal"></highlight></codeline>
<codeline lineno="141"><highlight class="normal"><sp/><sp/><sp/><sp/><sp/><sp/><sp/><sp/><sp/><sp/><sp/><sp/></highlight><highlight class="keywordflow">break</highlight><highlight class="normal">;</highlight></codeline>
<codeline lineno="142"><highlight class="normal"><sp/><sp/><sp/><sp/><sp/><sp/><sp/><sp/></highlight><highlight class="keywordflow">case</highlight><highlight class="normal"><sp/>4:</highlight></codeline>
<codeline lineno="143"><highlight class="normal"><sp/><sp/><sp/><sp/><sp/><sp/><sp/><sp/><sp/><sp/><sp/><sp/></highlight><highlight class="comment">//eliminar(i);</highlight><highlight class="normal"></highlight></codeline>
<codeline lineno="144"><highlight class="normal"><sp/><sp/><sp/><sp/><sp/><sp/><sp/><sp/><sp/><sp/><sp/><sp/></highlight><highlight class="keywordflow">break</highlight><highlight class="normal">;</highlight></codeline>
<codeline lineno="145"><highlight class="normal"><sp/><sp/><sp/><sp/><sp/><sp/><sp/><sp/></highlight><highlight class="keywordflow">case</highlight><highlight class="normal"><sp/>5:</highlight></codeline>
<codeline lineno="146"><highlight class="normal"><sp/><sp/><sp/><sp/><sp/><sp/><sp/><sp/><sp/><sp/><sp/><sp/></highlight><highlight class="keywordflow">break</highlight><highlight class="normal">;</highlight></codeline>
<codeline lineno="147"><highlight class="normal"><sp/><sp/><sp/><sp/><sp/><sp/><sp/><sp/></highlight><highlight class="keywordflow">default</highlight><highlight class="normal">:</highlight></codeline>
<codeline lineno="148"><highlight class="normal"><sp/><sp/><sp/><sp/><sp/><sp/><sp/><sp/><sp/><sp/><sp/><sp/>cout<sp/>&lt;&lt;<sp/></highlight><highlight class="stringliteral">&quot;A<sp/>opccao<sp/>escolhida<sp/>nao<sp/>existe.<sp/>Escolha<sp/>outra.&quot;</highlight><highlight class="normal"><sp/>&lt;&lt;<sp/>endl;</highlight></codeline>
<codeline lineno="149"><highlight class="normal"><sp/><sp/><sp/><sp/><sp/><sp/><sp/><sp/><sp/><sp/><sp/><sp/></highlight><highlight class="keywordflow">break</highlight><highlight class="normal">;</highlight></codeline>
<codeline lineno="150"><highlight class="normal"><sp/><sp/><sp/><sp/><sp/><sp/><sp/><sp/>}</highlight></codeline>
<codeline lineno="151"><highlight class="normal"><sp/><sp/><sp/><sp/>}<sp/></highlight><highlight class="keywordflow">while</highlight><highlight class="normal"><sp/>(crud<sp/>!=<sp/>5);</highlight></codeline>
<codeline lineno="152"><highlight class="normal">}</highlight></codeline>
<codeline lineno="153"><highlight class="normal"></highlight></codeline>
<codeline lineno="154"><highlight class="normal"></highlight><highlight class="keywordtype">void</highlight><highlight class="normal"><sp/>menuAssociacoes()<sp/>{</highlight></codeline>
<codeline lineno="155"><highlight class="normal"></highlight></codeline>
<codeline lineno="156"><highlight class="normal">}</highlight></codeline>
<codeline lineno="157"><highlight class="normal"></highlight></codeline>
<codeline lineno="158"><highlight class="normal"></highlight><highlight class="keywordtype">void</highlight><highlight class="normal"><sp/>menuListagens()<sp/>{</highlight></codeline>
<codeline lineno="159"><highlight class="normal"></highlight></codeline>
<codeline lineno="160"><highlight class="normal">}</highlight></codeline>
<codeline lineno="161"><highlight class="normal"></highlight></codeline>
<codeline lineno="162"><highlight class="normal"></highlight><highlight class="keywordtype">bool</highlight><highlight class="normal"><sp/>criar(</highlight><highlight class="keywordtype">int</highlight><highlight class="normal"><sp/>i,<sp/><ref refid="class_escola" kindref="compound" tooltip="Representa uma Escola contendo todos os seus Alunos, Professores, Turmas, Disciplinas e Horarios...">Escola</ref><sp/>*<sp/>escola)<sp/>{</highlight></codeline>
<codeline lineno="163"><highlight class="normal"><sp/><sp/><sp/><sp/></highlight><highlight class="keywordtype">int</highlight><highlight class="normal"><sp/>idTurma,<sp/>numero,<sp/>idTurmaResponsavel,<sp/>anoEscolar;</highlight></codeline>
<codeline lineno="164"><highlight class="normal"><sp/><sp/><sp/><sp/></highlight><highlight class="keywordtype">int</highlight><highlight class="normal"><sp/>tipoProfessor,<sp/>duracao<sp/>=<sp/>0,<sp/>horaInicio<sp/>=<sp/>0;</highlight></codeline>
<codeline lineno="165"><highlight class="normal"><sp/><sp/><sp/><sp/></highlight><highlight class="keywordtype">string</highlight><highlight class="normal"><sp/>nome<sp/>=<sp/></highlight><highlight class="stringliteral">&quot;&quot;</highlight><highlight class="normal">,<sp/>nome_disciplina<sp/>=<sp/></highlight><highlight class="stringliteral">&quot;&quot;</highlight><highlight class="normal">;</highlight></codeline>
<codeline lineno="166"><highlight class="normal"><sp/><sp/><sp/><sp/>vector&lt;int&gt;<sp/>profTurmas;</highlight></codeline>
<codeline lineno="167"><highlight class="normal"></highlight></codeline>
<codeline lineno="168"><highlight class="normal"><sp/><sp/><sp/><sp/></highlight><highlight class="keywordflow">if</highlight><highlight class="normal"><sp/>(i<sp/>==<sp/>1)<sp/>{</highlight></codeline>
<codeline lineno="169"><highlight class="normal"><sp/><sp/><sp/><sp/><sp/><sp/><sp/><sp/></highlight><highlight class="keywordflow">if</highlight><highlight class="normal">(!escola-&gt;<ref refid="class_escola_1acee757e16892f33820b22a7d7749d97d" kindref="member" tooltip="Devolve todas as turmas existentes na Escola.">getTurmas</ref>().empty()){</highlight></codeline>
<codeline lineno="170"><highlight class="normal"><sp/><sp/><sp/><sp/><sp/><sp/><sp/><sp/><sp/><sp/><sp/><sp/>cout<sp/>&lt;&lt;<sp/></highlight><highlight class="stringliteral">&quot;?!ALUNO!?&quot;</highlight><highlight class="normal"><sp/>&lt;&lt;<sp/>endl;</highlight></codeline>
<codeline lineno="171"><highlight class="normal"><sp/><sp/><sp/><sp/><sp/><sp/><sp/><sp/><sp/><sp/><sp/><sp/>cout<sp/>&lt;&lt;<sp/></highlight><highlight class="stringliteral">&quot;Nome:&quot;</highlight><highlight class="normal"><sp/>&lt;&lt;<sp/>endl;</highlight></codeline>
<codeline lineno="172"><highlight class="normal"><sp/><sp/><sp/><sp/><sp/><sp/><sp/><sp/><sp/><sp/><sp/><sp/>cin<sp/>&gt;&gt;<sp/>nome;</highlight></codeline>
<codeline lineno="173"><highlight class="normal"><sp/><sp/><sp/><sp/><sp/><sp/><sp/><sp/><sp/><sp/><sp/><sp/>cout<sp/>&lt;&lt;<sp/></highlight><highlight class="stringliteral">&quot;Numero:&quot;</highlight><highlight class="normal"><sp/>&lt;&lt;<sp/>endl;</highlight></codeline>
<codeline lineno="174"><highlight class="normal"><sp/><sp/><sp/><sp/><sp/><sp/><sp/><sp/><sp/><sp/><sp/><sp/>cin<sp/>&gt;&gt;<sp/>numero;</highlight></codeline>
<codeline lineno="175"><highlight class="normal"><sp/><sp/><sp/><sp/><sp/><sp/><sp/><sp/><sp/><sp/><sp/><sp/>cout<sp/>&lt;&lt;<sp/></highlight><highlight class="stringliteral">&quot;Numero<sp/>da<sp/>turma:&quot;</highlight><highlight class="normal"><sp/>&lt;&lt;<sp/>endl;</highlight></codeline>
<codeline lineno="176"><highlight class="normal"><sp/><sp/><sp/><sp/><sp/><sp/><sp/><sp/><sp/><sp/><sp/><sp/>cin<sp/>&gt;&gt;<sp/>idTurma;</highlight></codeline>
<codeline lineno="177"><highlight class="normal"><sp/><sp/><sp/><sp/><sp/><sp/><sp/><sp/>}<sp/></highlight><highlight class="keywordflow">else</highlight><highlight class="normal"><sp/>{</highlight></codeline>
<codeline lineno="178"><highlight class="normal"><sp/><sp/><sp/><sp/><sp/><sp/><sp/><sp/><sp/><sp/><sp/><sp/>cout<sp/>&lt;&lt;<sp/></highlight><highlight class="stringliteral">&quot;Nao<sp/>e<sp/>possivel<sp/>adicionar<sp/>Alunos<sp/>sem<sp/>antes<sp/>haver<sp/>Turmas!&quot;</highlight><highlight class="normal"><sp/>&lt;&lt;<sp/>endl;</highlight></codeline>
<codeline lineno="179"><highlight class="normal"><sp/><sp/><sp/><sp/><sp/><sp/><sp/><sp/><sp/><sp/><sp/><sp/></highlight><highlight class="keywordflow">return</highlight><highlight class="normal"><sp/></highlight><highlight class="keyword">false</highlight><highlight class="normal">;</highlight></codeline>
<codeline lineno="180"><highlight class="normal"><sp/><sp/><sp/><sp/><sp/><sp/><sp/><sp/>}</highlight></codeline>
<codeline lineno="181"><highlight class="normal"><sp/><sp/><sp/><sp/><sp/><sp/><sp/><sp/><ref refid="class_turma" kindref="compound">Turma</ref><sp/>*<sp/>_temp<sp/>=<sp/>NULL;</highlight></codeline>
<codeline lineno="182"><highlight class="normal"><sp/><sp/><sp/><sp/><sp/><sp/><sp/><sp/></highlight><highlight class="keywordflow">try</highlight><highlight class="normal">{</highlight></codeline>
<codeline lineno="183"><highlight class="normal"><sp/><sp/><sp/><sp/><sp/><sp/><sp/><sp/><sp/><sp/><sp/><sp/>_temp<sp/>=<sp/>escola-&gt;<ref refid="class_escola_1a5dab98b3f36b81a764b104d9d9a302e8" kindref="member" tooltip="Devolve a Turma com o id igual a id.">getTurmaById</ref>(idTurma);</highlight></codeline>
<codeline lineno="184"><highlight class="normal"></highlight></codeline>
<codeline lineno="185"><highlight class="normal"><sp/><sp/><sp/><sp/><sp/><sp/><sp/><sp/><sp/><sp/><sp/><sp/></highlight><highlight class="keywordflow">if</highlight><highlight class="normal">(_temp<sp/>!=<sp/>NULL){</highlight></codeline>
<codeline lineno="186"><highlight class="normal"><sp/><sp/><sp/><sp/><sp/><sp/><sp/><sp/><sp/><sp/><sp/><sp/><sp/><sp/><sp/><sp/><ref refid="class_aluno" kindref="compound" tooltip="Aluno de uma escola.">Aluno</ref><sp/>*<sp/>aluno<sp/>=<sp/></highlight><highlight class="keyword">new</highlight><highlight class="normal"><sp/><ref refid="class_aluno" kindref="compound" tooltip="Aluno de uma escola.">Aluno</ref>(nome,<sp/>numero,<sp/>_temp);</highlight></codeline>
<codeline lineno="187"><highlight class="normal"><sp/><sp/><sp/><sp/><sp/><sp/><sp/><sp/><sp/><sp/><sp/><sp/><sp/><sp/><sp/><sp/>escola-&gt;<ref refid="class_escola_1a56f72e713a433a9b63086df24de6985a" kindref="member" tooltip="Acrescenta alunos ao vector _alunos.">setAluno</ref>(aluno);</highlight></codeline>
<codeline lineno="188"><highlight class="normal"><sp/><sp/><sp/><sp/><sp/><sp/><sp/><sp/><sp/><sp/><sp/><sp/><sp/><sp/><sp/><sp/>cout<sp/>&lt;&lt;<sp/></highlight><highlight class="stringliteral">&quot;Aluno<sp/>criado<sp/>com<sp/>sucesso!&quot;</highlight><highlight class="normal"><sp/>&lt;&lt;<sp/>endl;</highlight></codeline>
<codeline lineno="189"><highlight class="normal"><sp/><sp/><sp/><sp/><sp/><sp/><sp/><sp/><sp/><sp/><sp/><sp/>}<sp/></highlight><highlight class="keywordflow">else</highlight><highlight class="normal"><sp/>{</highlight></codeline>
<codeline lineno="190"><highlight class="normal"><sp/><sp/><sp/><sp/><sp/><sp/><sp/><sp/><sp/><sp/><sp/><sp/><sp/><sp/><sp/><sp/>cout<sp/>&lt;&lt;<sp/></highlight><highlight class="stringliteral">&quot;Numero<sp/>de<sp/>Turma<sp/>invalido!&quot;</highlight><highlight class="normal"><sp/>&lt;&lt;<sp/>endl;</highlight></codeline>
<codeline lineno="191"><highlight class="normal"><sp/><sp/><sp/><sp/><sp/><sp/><sp/><sp/><sp/><sp/><sp/><sp/>}</highlight></codeline>
<codeline lineno="192"><highlight class="normal"><sp/><sp/><sp/><sp/><sp/><sp/><sp/><sp/>}</highlight><highlight class="keywordflow">catch</highlight><highlight class="normal">(<ref refid="class_turma_nao_existente" kindref="compound" tooltip="Excepcao lancada quando a Turma a ser acedida nao existe.">TurmaNaoExistente</ref><sp/>x){</highlight></codeline>
<codeline lineno="193"><highlight class="normal"><sp/><sp/><sp/><sp/><sp/><sp/><sp/><sp/><sp/><sp/><sp/><sp/>cout<sp/>&lt;&lt;<sp/>x.<ref refid="class_turma_nao_existente_1a5672fe80509c285ce4468137c3574351" kindref="member" tooltip="Mensagem de erro lancada pela excepcao.">getErro</ref>()<sp/>&lt;&lt;<sp/>endl;</highlight></codeline>
<codeline lineno="194"><highlight class="normal"><sp/><sp/><sp/><sp/><sp/><sp/><sp/><sp/>}</highlight></codeline>
<codeline lineno="195"><highlight class="normal"></highlight></codeline>
<codeline lineno="196"><highlight class="normal"><sp/><sp/><sp/><sp/>}<sp/></highlight><highlight class="keywordflow">else</highlight><highlight class="normal"><sp/></highlight><highlight class="keywordflow">if</highlight><highlight class="normal"><sp/>(i<sp/>==<sp/>2)<sp/>{</highlight></codeline>
<codeline lineno="197"><highlight class="normal"><sp/><sp/><sp/><sp/><sp/><sp/><sp/><sp/></highlight><highlight class="keywordflow">if</highlight><highlight class="normal">(!escola-&gt;<ref refid="class_escola_1a733893af8f3535eebe4624525945589d" kindref="member" tooltip="Devolve todas as Disciplinas que sao leccionadas na Escola.">getDiscipinas</ref>().size()<sp/>||<sp/>!escola-&gt;<ref refid="class_escola_1acee757e16892f33820b22a7d7749d97d" kindref="member" tooltip="Devolve todas as turmas existentes na Escola.">getTurmas</ref>().size()){</highlight></codeline>
<codeline lineno="198"><highlight class="normal"></highlight></codeline>
<codeline lineno="199"><highlight class="normal"><sp/><sp/><sp/><sp/><sp/><sp/><sp/><sp/><sp/><sp/><sp/><sp/></highlight><highlight class="keywordflow">while</highlight><highlight class="normal">(tipoProfessor<sp/>&lt;<sp/>1<sp/>&amp;&amp;<sp/>tipoProfessor<sp/>&gt;<sp/>3){</highlight></codeline>
<codeline lineno="200"><highlight class="normal"><sp/><sp/><sp/><sp/><sp/><sp/><sp/><sp/><sp/><sp/><sp/><sp/><sp/><sp/><sp/><sp/>cout<sp/>&lt;&lt;<sp/></highlight><highlight class="stringliteral">&quot;Escolha<sp/>o<sp/>tipo<sp/>de<sp/>Professor:&quot;</highlight><highlight class="normal"><sp/>&lt;&lt;<sp/>endl;</highlight></codeline>
<codeline lineno="201"><highlight class="normal"><sp/><sp/><sp/><sp/><sp/><sp/><sp/><sp/><sp/><sp/><sp/><sp/><sp/><sp/><sp/><sp/>cout<sp/>&lt;&lt;<sp/></highlight><highlight class="stringliteral">&quot;1.<sp/>Professor&quot;</highlight><highlight class="normal"><sp/>&lt;&lt;<sp/>endl;</highlight></codeline>
<codeline lineno="202"><highlight class="normal"><sp/><sp/><sp/><sp/><sp/><sp/><sp/><sp/><sp/><sp/><sp/><sp/><sp/><sp/><sp/><sp/>cout<sp/>&lt;&lt;<sp/></highlight><highlight class="stringliteral">&quot;2.<sp/>Director<sp/>de<sp/>Turma&quot;</highlight><highlight class="normal"><sp/>&lt;&lt;<sp/>endl;</highlight></codeline>
<codeline lineno="203"><highlight class="normal"><sp/><sp/><sp/><sp/><sp/><sp/><sp/><sp/><sp/><sp/><sp/><sp/><sp/><sp/><sp/><sp/>cout<sp/>&lt;&lt;<sp/></highlight><highlight class="stringliteral">&quot;3.<sp/>Sair.&quot;</highlight><highlight class="normal"><sp/>&lt;&lt;<sp/>endl;</highlight></codeline>
<codeline lineno="204"><highlight class="normal"><sp/><sp/><sp/><sp/><sp/><sp/><sp/><sp/><sp/><sp/><sp/><sp/><sp/><sp/><sp/><sp/>cin<sp/>&gt;&gt;<sp/>tipoProfessor;</highlight></codeline>
<codeline lineno="205"><highlight class="normal"><sp/><sp/><sp/><sp/><sp/><sp/><sp/><sp/><sp/><sp/><sp/><sp/>}</highlight></codeline>
<codeline lineno="206"><highlight class="normal"></highlight></codeline>
<codeline lineno="207"><highlight class="normal"><sp/><sp/><sp/><sp/><sp/><sp/><sp/><sp/><sp/><sp/><sp/><sp/></highlight><highlight class="keywordflow">if</highlight><highlight class="normal">(tipoProfessor<sp/>==<sp/>3)</highlight></codeline>
<codeline lineno="208"><highlight class="normal"><sp/><sp/><sp/><sp/><sp/><sp/><sp/><sp/><sp/><sp/><sp/><sp/><sp/><sp/><sp/><sp/></highlight><highlight class="keywordflow">return</highlight><highlight class="normal"><sp/></highlight><highlight class="keyword">false</highlight><highlight class="normal">;</highlight></codeline>
<codeline lineno="209"><highlight class="normal"></highlight></codeline>
<codeline lineno="210"><highlight class="normal"><sp/><sp/><sp/><sp/><sp/><sp/><sp/><sp/><sp/><sp/><sp/><sp/></highlight><highlight class="keywordflow">if</highlight><highlight class="normal">(tipoProfessor<sp/>==<sp/>1)</highlight></codeline>
<codeline lineno="211"><highlight class="normal"><sp/><sp/><sp/><sp/><sp/><sp/><sp/><sp/><sp/><sp/><sp/><sp/><sp/><sp/><sp/><sp/>cout<sp/>&lt;&lt;<sp/></highlight><highlight class="stringliteral">&quot;?!PROFESSOR!?&quot;</highlight><highlight class="normal"><sp/>&lt;&lt;<sp/>endl;</highlight></codeline>
<codeline lineno="212"><highlight class="normal"><sp/><sp/><sp/><sp/><sp/><sp/><sp/><sp/><sp/><sp/><sp/><sp/></highlight><highlight class="keywordflow">else</highlight><highlight class="normal"></highlight></codeline>
<codeline lineno="213"><highlight class="normal"><sp/><sp/><sp/><sp/><sp/><sp/><sp/><sp/><sp/><sp/><sp/><sp/><sp/><sp/><sp/><sp/>cout<sp/>&lt;&lt;<sp/></highlight><highlight class="stringliteral">&quot;?!Director<sp/>de<sp/>Turma!?&quot;</highlight><highlight class="normal"><sp/>&lt;&lt;<sp/>endl;</highlight></codeline>
<codeline lineno="214"><highlight class="normal"></highlight></codeline>
<codeline lineno="215"><highlight class="normal"><sp/><sp/><sp/><sp/><sp/><sp/><sp/><sp/><sp/><sp/><sp/><sp/>cout<sp/>&lt;&lt;<sp/></highlight><highlight class="stringliteral">&quot;Nome:&quot;</highlight><highlight class="normal"><sp/>&lt;&lt;<sp/>endl;</highlight></codeline>
<codeline lineno="216"><highlight class="normal"><sp/><sp/><sp/><sp/><sp/><sp/><sp/><sp/><sp/><sp/><sp/><sp/>cin<sp/>&gt;&gt;<sp/>nome;</highlight></codeline>
<codeline lineno="217"><highlight class="normal"><sp/><sp/><sp/><sp/><sp/><sp/><sp/><sp/><sp/><sp/><sp/><sp/>cout<sp/>&lt;&lt;<sp/></highlight><highlight class="stringliteral">&quot;Nome<sp/>da<sp/>disciplina:&quot;</highlight><highlight class="normal"><sp/>&lt;&lt;<sp/>endl;</highlight></codeline>
<codeline lineno="218"><highlight class="normal"><sp/><sp/><sp/><sp/><sp/><sp/><sp/><sp/><sp/><sp/><sp/><sp/>cin<sp/>&gt;&gt;<sp/>nome_disciplina;</highlight></codeline>
<codeline lineno="219"><highlight class="normal"><sp/><sp/><sp/><sp/><sp/><sp/><sp/><sp/><sp/><sp/><sp/><sp/>cout<sp/>&lt;&lt;<sp/></highlight><highlight class="stringliteral">&quot;ID<sp/>de<sp/>uma<sp/>Turma<sp/>de<sp/>leccionacao:&quot;</highlight><highlight class="normal"><sp/>&lt;&lt;<sp/>endl;</highlight></codeline>
<codeline lineno="220"><highlight class="normal"><sp/><sp/><sp/><sp/><sp/><sp/><sp/><sp/><sp/><sp/><sp/><sp/>cin<sp/>&gt;&gt;<sp/>idTurma;</highlight></codeline>
<codeline lineno="221"><highlight class="normal"></highlight></codeline>
<codeline lineno="222"><highlight class="normal"><sp/><sp/><sp/><sp/><sp/><sp/><sp/><sp/><sp/><sp/><sp/><sp/></highlight><highlight class="keywordflow">if</highlight><highlight class="normal">(tipoProfessor<sp/>==<sp/>2){</highlight></codeline>
<codeline lineno="223"><highlight class="normal"><sp/><sp/><sp/><sp/><sp/><sp/><sp/><sp/><sp/><sp/><sp/><sp/><sp/><sp/><sp/><sp/>cout<sp/>&lt;&lt;<sp/></highlight><highlight class="stringliteral">&quot;ID<sp/>de<sp/>uma<sp/>Turma<sp/>responsavel(pode<sp/>ser<sp/>a<sp/>mesma<sp/>que<sp/>a<sp/>anterior):&quot;</highlight><highlight class="normal"><sp/>&lt;&lt;<sp/>endl;</highlight></codeline>
<codeline lineno="224"><highlight class="normal"><sp/><sp/><sp/><sp/><sp/><sp/><sp/><sp/><sp/><sp/><sp/><sp/><sp/><sp/><sp/><sp/>cin<sp/>&gt;&gt;<sp/>idTurmaResponsavel;</highlight></codeline>
<codeline lineno="225"><highlight class="normal"><sp/><sp/><sp/><sp/><sp/><sp/><sp/><sp/><sp/><sp/><sp/><sp/>}</highlight></codeline>
<codeline lineno="226"><highlight class="normal"></highlight></codeline>
<codeline lineno="227"><highlight class="normal"><sp/><sp/><sp/><sp/><sp/><sp/><sp/><sp/><sp/><sp/><sp/><sp/><ref refid="class_disciplina" kindref="compound" tooltip="Class representa uma Disciplina contendo a sua designacao, duracao e hora de inicio.">Disciplina</ref><sp/>*<sp/>_temp<sp/>=<sp/>NULL;</highlight></codeline>
<codeline lineno="228"><highlight class="normal"><sp/><sp/><sp/><sp/><sp/><sp/><sp/><sp/><sp/><sp/><sp/><sp/><ref refid="class_turma" kindref="compound">Turma</ref><sp/>*<sp/>_temp2<sp/>=<sp/>NULL;</highlight></codeline>
<codeline lineno="229"><highlight class="normal"></highlight></codeline>
<codeline lineno="230"><highlight class="normal"><sp/><sp/><sp/><sp/><sp/><sp/><sp/><sp/><sp/><sp/><sp/><sp/>_temp<sp/>=<sp/>escola-&gt;<ref refid="class_escola_1a75b1f1a614ca1163cf2c53f25331b939" kindref="member" tooltip="Devolve a Disciplina com o nome igual a n.">getDisciplinaByNome</ref>(nome_disciplina);</highlight></codeline>
<codeline lineno="231"><highlight class="normal"><sp/><sp/><sp/><sp/><sp/><sp/><sp/><sp/><sp/><sp/><sp/><sp/>_temp2<sp/>=<sp/>escola-&gt;<ref refid="class_escola_1a5dab98b3f36b81a764b104d9d9a302e8" kindref="member" tooltip="Devolve a Turma com o id igual a id.">getTurmaById</ref>(idTurma);</highlight></codeline>
<codeline lineno="232"><highlight class="normal"></highlight></codeline>
<codeline lineno="233"><highlight class="normal"><sp/><sp/><sp/><sp/><sp/><sp/><sp/><sp/><sp/><sp/><sp/><sp/></highlight><highlight class="keywordflow">if</highlight><highlight class="normal">(tipoProfessor==<sp/>2){</highlight></codeline>
<codeline lineno="234"><highlight class="normal"></highlight></codeline>
<codeline lineno="235"><highlight class="normal"><sp/><sp/><sp/><sp/><sp/><sp/><sp/><sp/><sp/><sp/><sp/><sp/><sp/><sp/><sp/><sp/><ref refid="class_turma" kindref="compound">Turma</ref><sp/>*<sp/>_temp3<sp/>=<sp/>NULL;</highlight></codeline>
<codeline lineno="236"><highlight class="normal"><sp/><sp/><sp/><sp/><sp/><sp/><sp/><sp/><sp/><sp/><sp/><sp/><sp/><sp/><sp/><sp/>_temp3<sp/>=<sp/>escola-&gt;<ref refid="class_escola_1a5dab98b3f36b81a764b104d9d9a302e8" kindref="member" tooltip="Devolve a Turma com o id igual a id.">getTurmaById</ref>(idTurmaResponsavel);</highlight></codeline>
<codeline lineno="237"><highlight class="normal"></highlight></codeline>
<codeline lineno="238"><highlight class="normal"><sp/><sp/><sp/><sp/><sp/><sp/><sp/><sp/><sp/><sp/><sp/><sp/><sp/><sp/><sp/><sp/></highlight><highlight class="keywordflow">if</highlight><highlight class="normal">(_temp<sp/>==<sp/>NULL)</highlight></codeline>
<codeline lineno="239"><highlight class="normal"><sp/><sp/><sp/><sp/><sp/><sp/><sp/><sp/><sp/><sp/><sp/><sp/><sp/><sp/><sp/><sp/><sp/><sp/><sp/><sp/>cout<sp/>&lt;&lt;<sp/></highlight><highlight class="stringliteral">&quot;Nome<sp/>de<sp/>Disciplina<sp/>invalido!&quot;</highlight><highlight class="normal"><sp/>&lt;&lt;<sp/>endl;</highlight></codeline>
<codeline lineno="240"><highlight class="normal"><sp/><sp/><sp/><sp/><sp/><sp/><sp/><sp/><sp/><sp/><sp/><sp/><sp/><sp/><sp/><sp/></highlight><highlight class="keywordflow">else</highlight><highlight class="normal"><sp/><sp/><sp/><sp/></highlight><highlight class="keywordflow">if</highlight><highlight class="normal">(_temp2<sp/>==<sp/>NULL)</highlight></codeline>
<codeline lineno="241"><highlight class="normal"><sp/><sp/><sp/><sp/><sp/><sp/><sp/><sp/><sp/><sp/><sp/><sp/><sp/><sp/><sp/><sp/><sp/><sp/><sp/><sp/>cout<sp/>&lt;&lt;<sp/></highlight><highlight class="stringliteral">&quot;Numero<sp/>de<sp/>Turma<sp/>a<sp/>leccionar<sp/>invalido!!&quot;</highlight><highlight class="normal"><sp/>&lt;&lt;<sp/>endl;</highlight></codeline>
<codeline lineno="242"><highlight class="normal"><sp/><sp/><sp/><sp/><sp/><sp/><sp/><sp/><sp/><sp/><sp/><sp/><sp/><sp/><sp/><sp/></highlight><highlight class="keywordflow">else</highlight><highlight class="normal"><sp/><sp/><sp/><sp/></highlight><highlight class="keywordflow">if</highlight><highlight class="normal">(_temp3<sp/>==<sp/>NULL)</highlight></codeline>
<codeline lineno="243"><highlight class="normal"><sp/><sp/><sp/><sp/><sp/><sp/><sp/><sp/><sp/><sp/><sp/><sp/><sp/><sp/><sp/><sp/><sp/><sp/><sp/><sp/>cout<sp/>&lt;&lt;<sp/></highlight><highlight class="stringliteral">&quot;Numero<sp/>de<sp/>Turma<sp/>responsavel<sp/>invalido!!&quot;</highlight><highlight class="normal"><sp/>&lt;&lt;<sp/>endl;</highlight></codeline>
<codeline lineno="244"><highlight class="normal"><sp/><sp/><sp/><sp/><sp/><sp/><sp/><sp/><sp/><sp/><sp/><sp/><sp/><sp/><sp/><sp/></highlight><highlight class="keywordflow">else</highlight><highlight class="normal"><sp/></highlight><highlight class="keywordflow">if</highlight><highlight class="normal">(_temp<sp/>!=<sp/>NULL<sp/>&amp;&amp;<sp/>_temp2<sp/>!=<sp/>NULL<sp/>&amp;&amp;<sp/>_temp3<sp/>!=<sp/>NULL){</highlight></codeline>
<codeline lineno="245"><highlight class="normal"><sp/><sp/><sp/><sp/><sp/><sp/><sp/><sp/><sp/><sp/><sp/><sp/><sp/><sp/><sp/><sp/><sp/><sp/><sp/><sp/><ref refid="class_director_turma" kindref="compound" tooltip="Classe derivado de Professor tendo a mais um vector com as turmas de que e responsavel.">DirectorTurma</ref><sp/>*<sp/>_temp_director<sp/>=<sp/></highlight><highlight class="keyword">new</highlight><highlight class="normal"><sp/><ref refid="class_director_turma" kindref="compound" tooltip="Classe derivado de Professor tendo a mais um vector com as turmas de que e responsavel.">DirectorTurma</ref>(nome,<sp/>_temp,<sp/>_temp2,<sp/>_temp3);</highlight></codeline>
<codeline lineno="246"><highlight class="normal"><sp/><sp/><sp/><sp/><sp/><sp/><sp/><sp/><sp/><sp/><sp/><sp/><sp/><sp/><sp/><sp/><sp/><sp/><sp/><sp/>escola-&gt;<ref refid="class_escola_1a8cdb86f03082f15f5f3ce63d1ae0b1f2" kindref="member" tooltip="Devolve todos os professores existentes na Escola.">getProfessores</ref>().push_back(_temp_director);</highlight></codeline>
<codeline lineno="247"><highlight class="normal"><sp/><sp/><sp/><sp/><sp/><sp/><sp/><sp/><sp/><sp/><sp/><sp/><sp/><sp/><sp/><sp/><sp/><sp/><sp/><sp/>cout<sp/>&lt;&lt;<sp/></highlight><highlight class="stringliteral">&quot;Director<sp/>de<sp/>Turma<sp/>criado<sp/>com<sp/>sucesso!&quot;</highlight><highlight class="normal"><sp/>&lt;&lt;<sp/>endl;</highlight></codeline>
<codeline lineno="248"><highlight class="normal"><sp/><sp/><sp/><sp/><sp/><sp/><sp/><sp/><sp/><sp/><sp/><sp/><sp/><sp/><sp/><sp/>}</highlight></codeline>
<codeline lineno="249"><highlight class="normal"><sp/><sp/><sp/><sp/><sp/><sp/><sp/><sp/><sp/><sp/><sp/><sp/><sp/><sp/><sp/><sp/><sp/><sp/><sp/><sp/><sp/><sp/><sp/><sp/></highlight></codeline>
<codeline lineno="250"><highlight class="normal"><sp/><sp/><sp/><sp/><sp/><sp/><sp/><sp/><sp/><sp/><sp/><sp/>}</highlight></codeline>
<codeline lineno="251"><highlight class="normal"></highlight></codeline>
<codeline lineno="252"><highlight class="normal"><sp/><sp/><sp/><sp/><sp/><sp/><sp/><sp/><sp/><sp/><sp/><sp/></highlight><highlight class="keywordflow">if</highlight><highlight class="normal">(_temp<sp/>!=<sp/>NULL<sp/>&amp;&amp;<sp/>_temp2<sp/>!=<sp/>NULL){</highlight></codeline>
<codeline lineno="253"><highlight class="normal"><sp/><sp/><sp/><sp/><sp/><sp/><sp/><sp/><sp/><sp/><sp/><sp/><sp/><sp/><sp/><sp/><ref refid="class_professor" kindref="compound" tooltip="Professor de uma Escola (class Base), podendo ou nao ser Director de Turma.">Professor</ref><sp/>*<sp/>professor<sp/>=<sp/></highlight><highlight class="keyword">new</highlight><highlight class="normal"><sp/><ref refid="class_professor" kindref="compound" tooltip="Professor de uma Escola (class Base), podendo ou nao ser Director de Turma.">Professor</ref>(nome,<sp/>_temp,<sp/>_temp2);</highlight></codeline>
<codeline lineno="254"><highlight class="normal"><sp/><sp/><sp/><sp/><sp/><sp/><sp/><sp/><sp/><sp/><sp/><sp/><sp/><sp/><sp/><sp/>escola-&gt;<ref refid="class_escola_1a69bc6d8eb743a508d2b805285fd59e35" kindref="member" tooltip="Acrescenta professores ao vector _professores.">setProfessor</ref>(professor);</highlight></codeline>
<codeline lineno="255"><highlight class="normal"><sp/><sp/><sp/><sp/><sp/><sp/><sp/><sp/><sp/><sp/><sp/><sp/><sp/><sp/><sp/><sp/>cout<sp/>&lt;&lt;<sp/></highlight><highlight class="stringliteral">&quot;Professor<sp/>criado<sp/>com<sp/>sucesso!&quot;</highlight><highlight class="normal"><sp/>&lt;&lt;<sp/>endl;</highlight></codeline>
<codeline lineno="256"><highlight class="normal"><sp/><sp/><sp/><sp/><sp/><sp/><sp/><sp/><sp/><sp/><sp/><sp/>}<sp/></highlight><highlight class="keywordflow">else</highlight><highlight class="normal"><sp/>{</highlight></codeline>
<codeline lineno="257"><highlight class="normal"><sp/><sp/><sp/><sp/><sp/><sp/><sp/><sp/><sp/><sp/><sp/><sp/><sp/><sp/><sp/><sp/>cout<sp/>&lt;&lt;<sp/></highlight><highlight class="stringliteral">&quot;Numero<sp/>de<sp/>Turma<sp/>OU<sp/>Disciplina<sp/>invalido!&quot;</highlight><highlight class="normal"><sp/>&lt;&lt;<sp/>endl;</highlight></codeline>
<codeline lineno="258"><highlight class="normal"><sp/><sp/><sp/><sp/><sp/><sp/><sp/><sp/><sp/><sp/><sp/><sp/>}</highlight></codeline>
<codeline lineno="259"><highlight class="normal"><sp/><sp/><sp/><sp/><sp/><sp/><sp/><sp/>}<sp/></highlight><highlight class="keywordflow">else</highlight><highlight class="normal"><sp/>{</highlight></codeline>
<codeline lineno="260"><highlight class="normal"><sp/><sp/><sp/><sp/><sp/><sp/><sp/><sp/><sp/><sp/><sp/><sp/>cout<sp/>&lt;&lt;<sp/></highlight><highlight class="stringliteral">&quot;Nao<sp/>e<sp/>possivel<sp/>adicionar<sp/>Professores<sp/>sem<sp/>antes<sp/>adicionar<sp/>Disciplinas<sp/>OU<sp/>Turmas!&quot;</highlight><highlight class="normal"><sp/>&lt;&lt;<sp/>endl;</highlight></codeline>
<codeline lineno="261"><highlight class="normal"><sp/><sp/><sp/><sp/><sp/><sp/><sp/><sp/>}</highlight></codeline>
<codeline lineno="262"><highlight class="normal"><sp/><sp/><sp/><sp/>}<sp/></highlight><highlight class="keywordflow">else</highlight><highlight class="normal"><sp/></highlight><highlight class="keywordflow">if</highlight><highlight class="normal"><sp/>(i<sp/>==<sp/>3)<sp/>{</highlight></codeline>
<codeline lineno="263"><highlight class="normal"><sp/><sp/><sp/><sp/><sp/><sp/><sp/><sp/>cout<sp/>&lt;&lt;<sp/></highlight><highlight class="stringliteral">&quot;?!TURMA!?&quot;</highlight><highlight class="normal"><sp/>&lt;&lt;<sp/>endl;</highlight></codeline>
<codeline lineno="264"><highlight class="normal"><sp/><sp/><sp/><sp/><sp/><sp/><sp/><sp/>cout<sp/>&lt;&lt;<sp/></highlight><highlight class="stringliteral">&quot;Numero<sp/>da<sp/>turma:&quot;</highlight><highlight class="normal"><sp/>&lt;&lt;<sp/>endl;</highlight></codeline>
<codeline lineno="265"><highlight class="normal"><sp/><sp/><sp/><sp/><sp/><sp/><sp/><sp/>cin<sp/>&gt;&gt;<sp/>idTurma;</highlight></codeline>
<codeline lineno="266"><highlight class="normal"><sp/><sp/><sp/><sp/><sp/><sp/><sp/><sp/>cout<sp/>&lt;&lt;<sp/></highlight><highlight class="stringliteral">&quot;Ano<sp/>Escolar:&quot;</highlight><highlight class="normal"><sp/>&lt;&lt;<sp/>endl;</highlight></codeline>
<codeline lineno="267"><highlight class="normal"><sp/><sp/><sp/><sp/><sp/><sp/><sp/><sp/>cin<sp/>&gt;&gt;<sp/>anoEscolar;</highlight></codeline>
<codeline lineno="268"><highlight class="normal"></highlight></codeline>
<codeline lineno="269"><highlight class="normal"><sp/><sp/><sp/><sp/><sp/><sp/><sp/><sp/><ref refid="class_turma" kindref="compound">Turma</ref><sp/>*<sp/>turma<sp/>=<sp/></highlight><highlight class="keyword">new</highlight><highlight class="normal"><sp/><ref refid="class_turma" kindref="compound">Turma</ref>(idTurma,<sp/>anoEscolar);</highlight></codeline>
<codeline lineno="270"><highlight class="normal"><sp/><sp/><sp/><sp/><sp/><sp/><sp/><sp/>escola-&gt;<ref refid="class_escola_1a75635f871c420f3d1373285b1e773ce8" kindref="member" tooltip="Acrescenta turmas ao vector turmas.">setTurma</ref>(turma);</highlight></codeline>
<codeline lineno="271"><highlight class="normal"><sp/><sp/><sp/><sp/><sp/><sp/><sp/><sp/>cout<sp/>&lt;&lt;<sp/></highlight><highlight class="stringliteral">&quot;Turma<sp/>criada<sp/>com<sp/>sucesso!&quot;</highlight><highlight class="normal"><sp/>&lt;&lt;<sp/>endl;</highlight></codeline>
<codeline lineno="272"><highlight class="normal"><sp/><sp/><sp/><sp/>}<sp/></highlight><highlight class="keywordflow">else</highlight><highlight class="normal"><sp/>{</highlight></codeline>
<codeline lineno="273"><highlight class="normal"><sp/><sp/><sp/><sp/><sp/><sp/><sp/><sp/>cout<sp/>&lt;&lt;<sp/></highlight><highlight class="stringliteral">&quot;?!DISCIPLINA!?&quot;</highlight><highlight class="normal"><sp/>&lt;&lt;<sp/>endl;</highlight></codeline>
<codeline lineno="274"><highlight class="normal"><sp/><sp/><sp/><sp/><sp/><sp/><sp/><sp/>cout<sp/>&lt;&lt;<sp/></highlight><highlight class="stringliteral">&quot;Nome:&quot;</highlight><highlight class="normal"><sp/>&lt;&lt;<sp/>endl;</highlight></codeline>
<codeline lineno="275"><highlight class="normal"><sp/><sp/><sp/><sp/><sp/><sp/><sp/><sp/>cin<sp/>&gt;&gt;<sp/>nome;</highlight></codeline>
<codeline lineno="276"><highlight class="normal"><sp/><sp/><sp/><sp/><sp/><sp/><sp/><sp/>cout<sp/>&lt;&lt;<sp/></highlight><highlight class="stringliteral">&quot;Duracao<sp/>da<sp/>Aula<sp/>(em<sp/>minutos):&quot;</highlight><highlight class="normal"><sp/>&lt;&lt;<sp/>endl;</highlight></codeline>
<codeline lineno="277"><highlight class="normal"><sp/><sp/><sp/><sp/><sp/><sp/><sp/><sp/>cin<sp/>&gt;&gt;<sp/>duracao;</highlight></codeline>
<codeline lineno="278"><highlight class="normal"><sp/><sp/><sp/><sp/><sp/><sp/><sp/><sp/>cout<sp/>&lt;&lt;<sp/></highlight><highlight class="stringliteral">&quot;Hora<sp/>de<sp/>inicio<sp/>(entre<sp/>as<sp/>8:00<sp/>e<sp/>as<sp/>16:00):&quot;</highlight><highlight class="normal"><sp/>&lt;&lt;<sp/>endl;</highlight></codeline>
<codeline lineno="279"><highlight class="normal"><sp/><sp/><sp/><sp/><sp/><sp/><sp/><sp/>cin<sp/>&gt;&gt;<sp/>horaInicio;</highlight></codeline>
<codeline lineno="280"><highlight class="normal"></highlight></codeline>
<codeline lineno="281"><highlight class="normal"><sp/><sp/><sp/><sp/><sp/><sp/><sp/><sp/><ref refid="class_disciplina" kindref="compound" tooltip="Class representa uma Disciplina contendo a sua designacao, duracao e hora de inicio.">Disciplina</ref><sp/>*<sp/>disc<sp/>=<sp/></highlight><highlight class="keyword">new</highlight><highlight class="normal"><sp/><ref refid="class_disciplina" kindref="compound" tooltip="Class representa uma Disciplina contendo a sua designacao, duracao e hora de inicio.">Disciplina</ref>(nome,<sp/>duracao,<sp/>horaInicio);</highlight></codeline>
<codeline lineno="282"><highlight class="normal"><sp/><sp/><sp/><sp/><sp/><sp/><sp/><sp/>escola-&gt;<ref refid="class_escola_1a733893af8f3535eebe4624525945589d" kindref="member" tooltip="Devolve todas as Disciplinas que sao leccionadas na Escola.">getDiscipinas</ref>().push_back(disc);</highlight></codeline>
<codeline lineno="283"><highlight class="normal"><sp/><sp/><sp/><sp/>}</highlight></codeline>
<codeline lineno="284"><highlight class="normal"><sp/><sp/><sp/><sp/></highlight><highlight class="keywordflow">return</highlight><highlight class="normal"><sp/></highlight><highlight class="keyword">true</highlight><highlight class="normal">;</highlight></codeline>
<codeline lineno="285"><highlight class="normal">}</highlight></codeline>
<codeline lineno="286"><highlight class="normal"></highlight></codeline>
<codeline lineno="287"><highlight class="normal"></highlight><highlight class="keywordtype">bool</highlight><highlight class="normal"><sp/>ler(</highlight><highlight class="keywordtype">int</highlight><highlight class="normal"><sp/>i,<sp/><ref refid="class_escola" kindref="compound" tooltip="Representa uma Escola contendo todos os seus Alunos, Professores, Turmas, Disciplinas e Horarios...">Escola</ref><sp/>*<sp/>escola)<sp/>{</highlight></codeline>
<codeline lineno="288"><highlight class="normal"><sp/><sp/><sp/><sp/></highlight><highlight class="keywordtype">int</highlight><highlight class="normal"><sp/>num;</highlight></codeline>
<codeline lineno="289"><highlight class="normal"><sp/><sp/><sp/><sp/></highlight><highlight class="keywordtype">string</highlight><highlight class="normal"><sp/>nome;</highlight></codeline>
<codeline lineno="290"><highlight class="normal"><sp/><sp/><sp/><sp/></highlight><highlight class="keywordflow">if</highlight><highlight class="normal"><sp/>(i<sp/>==<sp/>1)<sp/>{</highlight></codeline>
<codeline lineno="291"><highlight class="normal"><sp/><sp/><sp/><sp/><sp/><sp/><sp/><sp/></highlight><highlight class="keywordflow">if</highlight><highlight class="normal"><sp/>(escola-&gt;<ref refid="class_escola_1a881727d5171216be19d3e63cf95e2110" kindref="member">getAlunos</ref>().empty())<sp/>{</highlight></codeline>
<codeline lineno="292"><highlight class="normal"><sp/><sp/><sp/><sp/><sp/><sp/><sp/><sp/><sp/><sp/><sp/><sp/>cout<sp/>&lt;&lt;<sp/></highlight><highlight class="stringliteral">&quot;Nao<sp/>existem<sp/>alunos<sp/>para<sp/>ler&quot;</highlight><highlight class="normal"><sp/>&lt;&lt;<sp/>endl;</highlight></codeline>
<codeline lineno="293"><highlight class="normal"><sp/><sp/><sp/><sp/><sp/><sp/><sp/><sp/>}<sp/></highlight><highlight class="keywordflow">else</highlight><highlight class="normal"><sp/>{</highlight></codeline>
<codeline lineno="294"><highlight class="normal"><sp/><sp/><sp/><sp/><sp/><sp/><sp/><sp/><sp/><sp/><sp/><sp/>cout<sp/>&lt;&lt;<sp/></highlight><highlight class="stringliteral">&quot;Qual<sp/>o<sp/>nome<sp/>do<sp/>aluno<sp/>que<sp/>pretende<sp/>ver?&quot;</highlight><highlight class="normal"><sp/>&lt;&lt;<sp/>endl;</highlight></codeline>
<codeline lineno="295"><highlight class="normal"><sp/><sp/><sp/><sp/><sp/><sp/><sp/><sp/><sp/><sp/><sp/><sp/>getline(cin,<sp/>nome);</highlight></codeline>
<codeline lineno="296"><highlight class="normal"><sp/><sp/><sp/><sp/><sp/><sp/><sp/><sp/><sp/><sp/><sp/><sp/></highlight><highlight class="keywordflow">try</highlight><highlight class="normal">{</highlight></codeline>
<codeline lineno="297"><highlight class="normal"><sp/><sp/><sp/><sp/><sp/><sp/><sp/><sp/><sp/><sp/><sp/><sp/><sp/><sp/><sp/><sp/>cout<sp/>&lt;&lt;<sp/>escola-&gt;<ref refid="class_escola_1a61476572624adfbc5ff2a0dce1e8ce0b" kindref="member" tooltip="Mostra o Aluno no ecra.">showAluno</ref>(escola-&gt;<ref refid="class_escola_1a7582a678219ca0977bab1ac1db1109f2" kindref="member" tooltip="Devolve o Aluno com o nome igual a n.">getAlunoByNome</ref>(nome))<sp/>&lt;&lt;<sp/>endl;</highlight></codeline>
<codeline lineno="298"><highlight class="normal"><sp/><sp/><sp/><sp/><sp/><sp/><sp/><sp/><sp/><sp/><sp/><sp/>}</highlight><highlight class="keywordflow">catch</highlight><highlight class="normal">(<ref refid="class_aluno_nao_existente" kindref="compound" tooltip="Excepcao lancada quando o Aluno a ser acedido nao existe.">AlunoNaoExistente</ref><sp/>a){</highlight></codeline>
<codeline lineno="299"><highlight class="normal"><sp/><sp/><sp/><sp/><sp/><sp/><sp/><sp/><sp/><sp/><sp/><sp/><sp/><sp/><sp/><sp/>cout&lt;&lt;a.<ref refid="class_aluno_nao_existente_1aacfbce6e5c3fba7f14cdfe4588d9f3fc" kindref="member">getErro</ref>()&lt;&lt;endl;</highlight></codeline>
<codeline lineno="300"><highlight class="normal"><sp/><sp/><sp/><sp/><sp/><sp/><sp/><sp/><sp/><sp/><sp/><sp/>}</highlight></codeline>
<codeline lineno="301"><highlight class="normal"><sp/><sp/><sp/><sp/><sp/><sp/><sp/><sp/>}</highlight></codeline>
<codeline lineno="302"><highlight class="normal"><sp/><sp/><sp/><sp/><sp/><sp/><sp/><sp/></highlight><highlight class="keywordflow">return</highlight><highlight class="normal"><sp/></highlight><highlight class="keyword">true</highlight><highlight class="normal">;</highlight></codeline>
<codeline lineno="303"><highlight class="normal"><sp/><sp/><sp/><sp/>}<sp/></highlight><highlight class="keywordflow">else</highlight><highlight class="normal"><sp/></highlight><highlight class="keywordflow">if</highlight><highlight class="normal"><sp/>(i<sp/>==<sp/>2)<sp/>{</highlight></codeline>
<codeline lineno="304"><highlight class="normal"><sp/><sp/><sp/><sp/><sp/><sp/><sp/><sp/></highlight><highlight class="keywordflow">if</highlight><highlight class="normal"><sp/>(escola-&gt;<ref refid="class_escola_1a8cdb86f03082f15f5f3ce63d1ae0b1f2" kindref="member" tooltip="Devolve todos os professores existentes na Escola.">getProfessores</ref>().empty())<sp/>{</highlight></codeline>
<codeline lineno="305"><highlight class="normal"><sp/><sp/><sp/><sp/><sp/><sp/><sp/><sp/><sp/><sp/><sp/><sp/>cout<sp/>&lt;&lt;<sp/></highlight><highlight class="stringliteral">&quot;Nao<sp/>existem<sp/>professores<sp/>para<sp/>ler&quot;</highlight><highlight class="normal"><sp/>&lt;&lt;<sp/>endl;</highlight></codeline>
<codeline lineno="306"><highlight class="normal"><sp/><sp/><sp/><sp/><sp/><sp/><sp/><sp/>}<sp/></highlight><highlight class="keywordflow">else</highlight><highlight class="normal"><sp/>{</highlight></codeline>
<codeline lineno="307"><highlight class="normal"><sp/><sp/><sp/><sp/><sp/><sp/><sp/><sp/><sp/><sp/><sp/><sp/>cout<sp/>&lt;&lt;<sp/></highlight><highlight class="stringliteral">&quot;Qual<sp/>o<sp/>nome<sp/>do<sp/>professor<sp/>que<sp/>pretende<sp/>ver?&quot;</highlight><highlight class="normal"><sp/>&lt;&lt;<sp/>endl;</highlight></codeline>
<codeline lineno="308"><highlight class="normal"><sp/><sp/><sp/><sp/><sp/><sp/><sp/><sp/><sp/><sp/><sp/><sp/>getline(cin,<sp/>nome);</highlight></codeline>
<codeline lineno="309"><highlight class="normal"><sp/><sp/><sp/><sp/><sp/><sp/><sp/><sp/><sp/><sp/><sp/><sp/></highlight><highlight class="keywordflow">try</highlight><highlight class="normal">{</highlight></codeline>
<codeline lineno="310"><highlight class="normal"><sp/><sp/><sp/><sp/><sp/><sp/><sp/><sp/><sp/><sp/><sp/><sp/><sp/><sp/><sp/><sp/>cout<sp/>&lt;&lt;<sp/>escola-&gt;<ref refid="class_escola_1addc6cd7b85c6fdba76dd536c580c16c8" kindref="member" tooltip="Mostra o Professor no ecra.">showProfessor</ref>(escola-&gt;<ref refid="class_escola_1a1f0dba75b82a3aec3cdaccafec4350c3" kindref="member" tooltip="Devolve o Professor com o nome igual a n.">getProfessorByNome</ref>(nome))<sp/>&lt;&lt;<sp/>endl;</highlight></codeline>
<codeline lineno="311"><highlight class="normal"><sp/><sp/><sp/><sp/><sp/><sp/><sp/><sp/><sp/><sp/><sp/><sp/>}</highlight><highlight class="keywordflow">catch</highlight><highlight class="normal">(<ref refid="class_professor_nao_existente" kindref="compound" tooltip="Excepcao lancada quando o Professor a ser acedido nao existe.">ProfessorNaoExistente</ref><sp/>p){</highlight></codeline>
<codeline lineno="312"><highlight class="normal"><sp/><sp/><sp/><sp/><sp/><sp/><sp/><sp/><sp/><sp/><sp/><sp/><sp/><sp/><sp/><sp/>cout&lt;&lt;p.<ref refid="class_professor_nao_existente_1a7e4f7530740f578c181f1e8d05404104" kindref="member">getErro</ref>()&lt;&lt;endl;</highlight></codeline>
<codeline lineno="313"><highlight class="normal"><sp/><sp/><sp/><sp/><sp/><sp/><sp/><sp/><sp/><sp/><sp/><sp/>}</highlight></codeline>
<codeline lineno="314"><highlight class="normal"><sp/><sp/><sp/><sp/><sp/><sp/><sp/><sp/>}</highlight></codeline>
<codeline lineno="315"><highlight class="normal"><sp/><sp/><sp/><sp/><sp/><sp/><sp/><sp/></highlight><highlight class="keywordflow">return</highlight><highlight class="normal"><sp/></highlight><highlight class="keyword">true</highlight><highlight class="normal">;</highlight></codeline>
<codeline lineno="316"><highlight class="normal"><sp/><sp/><sp/><sp/>}<sp/></highlight><highlight class="keywordflow">else</highlight><highlight class="normal"><sp/></highlight><highlight class="keywordflow">if</highlight><highlight class="normal"><sp/>(i<sp/>==<sp/>3)<sp/>{</highlight></codeline>
<codeline lineno="317"><highlight class="normal"><sp/><sp/><sp/><sp/><sp/><sp/><sp/><sp/></highlight><highlight class="keywordflow">if</highlight><highlight class="normal"><sp/>(escola-&gt;<ref refid="class_escola_1acee757e16892f33820b22a7d7749d97d" kindref="member" tooltip="Devolve todas as turmas existentes na Escola.">getTurmas</ref>().empty())<sp/>{</highlight></codeline>
<codeline lineno="318"><highlight class="normal"><sp/><sp/><sp/><sp/><sp/><sp/><sp/><sp/><sp/><sp/><sp/><sp/>cout<sp/>&lt;&lt;<sp/></highlight><highlight class="stringliteral">&quot;Nao<sp/>existem<sp/>turmas<sp/>para<sp/>ler&quot;</highlight><highlight class="normal"><sp/>&lt;&lt;<sp/>endl;</highlight></codeline>
<codeline lineno="319"><highlight class="normal"><sp/><sp/><sp/><sp/><sp/><sp/><sp/><sp/>}<sp/></highlight><highlight class="keywordflow">else</highlight><highlight class="normal"><sp/>{</highlight></codeline>
<codeline lineno="320"><highlight class="normal"><sp/><sp/><sp/><sp/><sp/><sp/><sp/><sp/><sp/><sp/><sp/><sp/>cout<sp/>&lt;&lt;</highlight><highlight class="stringliteral">&quot;Qual<sp/>o<sp/>numero<sp/>da<sp/>turma<sp/>que<sp/>pretende<sp/>ver?&quot;</highlight><highlight class="normal">&lt;&lt;endl;</highlight></codeline>
<codeline lineno="321"><highlight class="normal"><sp/><sp/><sp/><sp/><sp/><sp/><sp/><sp/><sp/><sp/><sp/><sp/>cin<sp/>&gt;&gt;<sp/>num;</highlight></codeline>
<codeline lineno="322"><highlight class="normal"><sp/><sp/><sp/><sp/><sp/><sp/><sp/><sp/><sp/><sp/><sp/><sp/></highlight><highlight class="keywordflow">try</highlight><highlight class="normal">{</highlight></codeline>
<codeline lineno="323"><highlight class="normal"><sp/><sp/><sp/><sp/><sp/><sp/><sp/><sp/><sp/><sp/><sp/><sp/><sp/><sp/><sp/><sp/>cout<sp/>&lt;&lt;<sp/>escola-&gt;<ref refid="class_escola_1a91096932c5326cb2e5c30cbd860c126c" kindref="member" tooltip="Mostra a Turma no ecra.">showTurma</ref>(escola-&gt;<ref refid="class_escola_1a5dab98b3f36b81a764b104d9d9a302e8" kindref="member" tooltip="Devolve a Turma com o id igual a id.">getTurmaById</ref>(num))<sp/>&lt;&lt;<sp/>endl;</highlight></codeline>
<codeline lineno="324"><highlight class="normal"><sp/><sp/><sp/><sp/><sp/><sp/><sp/><sp/><sp/><sp/><sp/><sp/>}</highlight><highlight class="keywordflow">catch</highlight><highlight class="normal">(<ref refid="class_turma_nao_existente" kindref="compound" tooltip="Excepcao lancada quando a Turma a ser acedida nao existe.">TurmaNaoExistente</ref><sp/>t){</highlight></codeline>
<codeline lineno="325"><highlight class="normal"><sp/><sp/><sp/><sp/><sp/><sp/><sp/><sp/><sp/><sp/><sp/><sp/><sp/><sp/><sp/><sp/>cout&lt;&lt;t.<ref refid="class_turma_nao_existente_1a5672fe80509c285ce4468137c3574351" kindref="member" tooltip="Mensagem de erro lancada pela excepcao.">getErro</ref>()&lt;&lt;endl;</highlight></codeline>
<codeline lineno="326"><highlight class="normal"><sp/><sp/><sp/><sp/><sp/><sp/><sp/><sp/><sp/><sp/><sp/><sp/>}</highlight></codeline>
<codeline lineno="327"><highlight class="normal"><sp/><sp/><sp/><sp/><sp/><sp/><sp/><sp/>}</highlight></codeline>
<codeline lineno="328"><highlight class="normal"><sp/><sp/><sp/><sp/><sp/><sp/><sp/><sp/></highlight><highlight class="keywordflow">return</highlight><highlight class="normal"><sp/></highlight><highlight class="keyword">true</highlight><highlight class="normal">;</highlight></codeline>
<codeline lineno="329"><highlight class="normal"><sp/><sp/><sp/><sp/>}<sp/></highlight><highlight class="keywordflow">else</highlight><highlight class="normal"><sp/>{</highlight></codeline>
<codeline lineno="330"><highlight class="normal"><sp/><sp/><sp/><sp/><sp/><sp/><sp/><sp/></highlight><highlight class="keywordflow">if</highlight><highlight class="normal"><sp/>(escola-&gt;<ref refid="class_escola_1a733893af8f3535eebe4624525945589d" kindref="member" tooltip="Devolve todas as Disciplinas que sao leccionadas na Escola.">getDiscipinas</ref>().empty())<sp/>{</highlight></codeline>
<codeline lineno="331"><highlight class="normal"><sp/><sp/><sp/><sp/><sp/><sp/><sp/><sp/><sp/><sp/><sp/><sp/>cout<sp/>&lt;&lt;<sp/></highlight><highlight class="stringliteral">&quot;Nao<sp/>existem<sp/>disciplinas<sp/>para<sp/>ler&quot;</highlight><highlight class="normal"><sp/>&lt;&lt;<sp/>endl;</highlight></codeline>
<codeline lineno="332"><highlight class="normal"><sp/><sp/><sp/><sp/><sp/><sp/><sp/><sp/>}<sp/></highlight><highlight class="keywordflow">else</highlight><highlight class="normal"><sp/>{</highlight></codeline>
<codeline lineno="333"><highlight class="normal"><sp/><sp/><sp/><sp/><sp/><sp/><sp/><sp/><sp/><sp/><sp/><sp/>cout<sp/>&lt;&lt;</highlight><highlight class="stringliteral">&quot;Qual<sp/>o<sp/>nome<sp/>da<sp/>disciplina<sp/>que<sp/>pretende<sp/>ver?&quot;</highlight><highlight class="normal">&lt;&lt;endl;</highlight></codeline>
<codeline lineno="334"><highlight class="normal"><sp/><sp/><sp/><sp/><sp/><sp/><sp/><sp/><sp/><sp/><sp/><sp/>getline(cin,<sp/>nome);</highlight></codeline>
<codeline lineno="335"><highlight class="normal"><sp/><sp/><sp/><sp/><sp/><sp/><sp/><sp/><sp/><sp/><sp/><sp/></highlight><highlight class="keywordflow">try</highlight><highlight class="normal">{</highlight></codeline>
<codeline lineno="336"><highlight class="normal"><sp/><sp/><sp/><sp/><sp/><sp/><sp/><sp/><sp/><sp/><sp/><sp/><sp/><sp/><sp/><sp/>cout<sp/>&lt;&lt;<sp/>escola-&gt;<ref refid="class_escola_1a3578c85887dd28c9d0b6f7c7f10f3020" kindref="member" tooltip="Mostra a Disciplina no ecra.">showDisciplina</ref>(escola-&gt;<ref refid="class_escola_1a75b1f1a614ca1163cf2c53f25331b939" kindref="member" tooltip="Devolve a Disciplina com o nome igual a n.">getDisciplinaByNome</ref>(nome))<sp/>&lt;&lt;<sp/>endl;</highlight></codeline>
<codeline lineno="337"><highlight class="normal"><sp/><sp/><sp/><sp/><sp/><sp/><sp/><sp/><sp/><sp/><sp/><sp/>}</highlight><highlight class="keywordflow">catch</highlight><highlight class="normal">(<ref refid="class_disciplina_nao_existente" kindref="compound" tooltip="Excepcao lancada quando o Professor a ser acedido nao existe.">DisciplinaNaoExistente</ref><sp/>d){</highlight></codeline>
<codeline lineno="338"><highlight class="normal"><sp/><sp/><sp/><sp/><sp/><sp/><sp/><sp/><sp/><sp/><sp/><sp/><sp/><sp/><sp/><sp/>cout&lt;&lt;d.<ref refid="class_disciplina_nao_existente_1a6a201b94440edd339ec05d1e9db8319b" kindref="member">getErro</ref>()&lt;&lt;endl;</highlight></codeline>
<codeline lineno="339"><highlight class="normal"><sp/><sp/><sp/><sp/><sp/><sp/><sp/><sp/><sp/><sp/><sp/><sp/>}</highlight></codeline>
<codeline lineno="340"><highlight class="normal"><sp/><sp/><sp/><sp/><sp/><sp/><sp/><sp/>}</highlight></codeline>
<codeline lineno="341"><highlight class="normal"><sp/><sp/><sp/><sp/><sp/><sp/><sp/><sp/></highlight><highlight class="keywordflow">return</highlight><highlight class="normal"><sp/></highlight><highlight class="keyword">true</highlight><highlight class="normal">;</highlight></codeline>
<codeline lineno="342"><highlight class="normal"><sp/><sp/><sp/><sp/>}</highlight></codeline>
<codeline lineno="343"><highlight class="normal"><sp/><sp/><sp/><sp/></highlight><highlight class="keywordflow">return</highlight><highlight class="normal"><sp/></highlight><highlight class="keyword">false</highlight><highlight class="normal">;</highlight></codeline>
<codeline lineno="344"><highlight class="normal">}</highlight></codeline>
<codeline lineno="345"><highlight class="normal"></highlight></codeline>
<codeline lineno="346"><highlight class="normal"></highlight><highlight class="comment">//bool<sp/>actualizar(int<sp/>i)<sp/>{</highlight><highlight class="normal"></highlight></codeline>
<codeline lineno="347"><highlight class="normal"></highlight><highlight class="comment">//<sp/><sp/>int<sp/>idTurma,<sp/>numero,<sp/>idDisciplina,<sp/>qtdTurmas,<sp/>anoEscolar;</highlight><highlight class="normal"></highlight></codeline>
<codeline lineno="348"><highlight class="normal"></highlight><highlight class="comment">//<sp/><sp/>string<sp/>nome<sp/>=<sp/>&quot;&quot;;</highlight><highlight class="normal"></highlight></codeline>
<codeline lineno="349"><highlight class="normal"></highlight><highlight class="comment">//<sp/><sp/>if<sp/>(i<sp/>==<sp/>1)<sp/>{</highlight><highlight class="normal"></highlight></codeline>
<codeline lineno="350"><highlight class="normal"></highlight><highlight class="comment">//<sp/><sp/><sp/><sp/><sp/><sp/>if<sp/>(alunos.empty())<sp/>{</highlight><highlight class="normal"></highlight></codeline>
<codeline lineno="351"><highlight class="normal"></highlight><highlight class="comment">//<sp/><sp/><sp/><sp/><sp/><sp/><sp/><sp/><sp/><sp/>cout<sp/>&lt;&lt;<sp/>&quot;Nao<sp/>existem<sp/>alunos<sp/>para<sp/>actualizar&quot;<sp/>&lt;&lt;<sp/>endl;</highlight><highlight class="normal"></highlight></codeline>
<codeline lineno="352"><highlight class="normal"></highlight><highlight class="comment">//<sp/><sp/><sp/><sp/><sp/><sp/>}<sp/>else<sp/>{</highlight><highlight class="normal"></highlight></codeline>
<codeline lineno="353"><highlight class="normal"></highlight><highlight class="comment">//<sp/><sp/><sp/><sp/><sp/><sp/><sp/><sp/><sp/><sp/>int<sp/>num<sp/>=<sp/>0;</highlight><highlight class="normal"></highlight></codeline>
<codeline lineno="354"><highlight class="normal"></highlight><highlight class="comment">//<sp/><sp/><sp/><sp/><sp/><sp/><sp/><sp/><sp/><sp/>cout<sp/>&lt;&lt;<sp/>&quot;Qual<sp/>o<sp/>numero<sp/>do<sp/>aluno<sp/>que<sp/>pretende<sp/>actualizar?&quot;<sp/>&lt;&lt;<sp/>endl;</highlight><highlight class="normal"></highlight></codeline>
<codeline lineno="355"><highlight class="normal"></highlight><highlight class="comment">//<sp/><sp/><sp/><sp/><sp/><sp/><sp/><sp/><sp/><sp/>for<sp/>(unsigned<sp/>int<sp/>j<sp/>=<sp/>0;<sp/>j<sp/>&lt;<sp/>alunos.size();<sp/>j++)<sp/>{</highlight><highlight class="normal"></highlight></codeline>
<codeline lineno="356"><highlight class="normal"></highlight><highlight class="comment">//<sp/><sp/><sp/><sp/><sp/><sp/><sp/><sp/><sp/><sp/><sp/><sp/><sp/><sp/><sp/><sp/><sp/><sp/><sp/><sp/><sp/><sp/><sp/><sp/><sp/><sp/>cout<sp/>&lt;&lt;<sp/>&quot;Nome:<sp/>&quot;<sp/>&lt;&lt;<sp/>alunos[j].getNome()<sp/>&lt;&lt;<sp/>&quot;<sp/>-<sp/>Numero:<sp/>&quot;</highlight><highlight class="normal"></highlight></codeline>
<codeline lineno="357"><highlight class="normal"></highlight><highlight class="comment">//<sp/><sp/><sp/><sp/><sp/><sp/><sp/><sp/><sp/><sp/><sp/><sp/><sp/><sp/><sp/><sp/><sp/><sp/><sp/><sp/><sp/><sp/><sp/><sp/><sp/><sp/><sp/><sp/><sp/><sp/><sp/><sp/><sp/><sp/>&lt;&lt;<sp/>alunos[j].getNumero()<sp/>&lt;&lt;<sp/>&quot;<sp/>-<sp/>Turma:<sp/>&quot;</highlight><highlight class="normal"></highlight></codeline>
<codeline lineno="358"><highlight class="normal"></highlight><highlight class="comment">//<sp/><sp/><sp/><sp/><sp/><sp/><sp/><sp/><sp/><sp/><sp/><sp/><sp/><sp/><sp/><sp/><sp/><sp/><sp/><sp/><sp/><sp/><sp/><sp/><sp/><sp/><sp/><sp/><sp/><sp/><sp/><sp/><sp/><sp/>&lt;&lt;<sp/>alunos[j].getIDturma()<sp/>&lt;&lt;<sp/>endl;</highlight><highlight class="normal"></highlight></codeline>
<codeline lineno="359"><highlight class="normal"></highlight><highlight class="comment">//<sp/><sp/><sp/><sp/><sp/><sp/><sp/><sp/><sp/><sp/><sp/><sp/><sp/><sp/><sp/><sp/><sp/><sp/><sp/><sp/><sp/><sp/>}</highlight><highlight class="normal"></highlight></codeline>
<codeline lineno="360"><highlight class="normal"></highlight><highlight class="comment">//<sp/><sp/><sp/><sp/><sp/><sp/><sp/><sp/><sp/><sp/>cin<sp/>&gt;&gt;<sp/>num;</highlight><highlight class="normal"></highlight></codeline>
<codeline lineno="361"><highlight class="normal"></highlight><highlight class="comment">//<sp/><sp/><sp/><sp/><sp/><sp/><sp/><sp/><sp/><sp/>for<sp/>(unsigned<sp/>int<sp/>j<sp/>=<sp/>0;<sp/>j<sp/>&lt;<sp/>alunos.size();<sp/>j++)<sp/>{</highlight><highlight class="normal"></highlight></codeline>
<codeline lineno="362"><highlight class="normal"></highlight><highlight class="comment">//<sp/><sp/><sp/><sp/><sp/><sp/><sp/><sp/><sp/><sp/><sp/><sp/><sp/><sp/>if<sp/>(alunos[j].getNumero()<sp/>==<sp/>num)<sp/>{</highlight><highlight class="normal"></highlight></codeline>
<codeline lineno="363"><highlight class="normal"></highlight><highlight class="comment">//<sp/><sp/><sp/><sp/><sp/><sp/><sp/><sp/><sp/><sp/><sp/><sp/><sp/><sp/><sp/><sp/><sp/><sp/>cout<sp/>&lt;&lt;<sp/>&quot;?!ALUNO!?&quot;<sp/>&lt;&lt;<sp/>endl;</highlight><highlight class="normal"></highlight></codeline>
<codeline lineno="364"><highlight class="normal"></highlight><highlight class="comment">//<sp/><sp/><sp/><sp/><sp/><sp/><sp/><sp/><sp/><sp/><sp/><sp/><sp/><sp/><sp/><sp/><sp/><sp/>cout<sp/>&lt;&lt;<sp/>&quot;Nome:&quot;<sp/>&lt;&lt;<sp/>endl;</highlight><highlight class="normal"></highlight></codeline>
<codeline lineno="365"><highlight class="normal"></highlight><highlight class="comment">//<sp/><sp/><sp/><sp/><sp/><sp/><sp/><sp/><sp/><sp/><sp/><sp/><sp/><sp/><sp/><sp/><sp/><sp/>cin<sp/>&gt;&gt;<sp/>nome;</highlight><highlight class="normal"></highlight></codeline>
<codeline lineno="366"><highlight class="normal"></highlight><highlight class="comment">//<sp/><sp/><sp/><sp/><sp/><sp/><sp/><sp/><sp/><sp/><sp/><sp/><sp/><sp/><sp/><sp/><sp/><sp/>cout<sp/>&lt;&lt;<sp/>&quot;Numero:&quot;<sp/>&lt;&lt;<sp/>endl;</highlight><highlight class="normal"></highlight></codeline>
<codeline lineno="367"><highlight class="normal"></highlight><highlight class="comment">//<sp/><sp/><sp/><sp/><sp/><sp/><sp/><sp/><sp/><sp/><sp/><sp/><sp/><sp/><sp/><sp/><sp/><sp/>cin<sp/>&gt;&gt;<sp/>numero;</highlight><highlight class="normal"></highlight></codeline>
<codeline lineno="368"><highlight class="normal"></highlight><highlight class="comment">//<sp/><sp/><sp/><sp/><sp/><sp/><sp/><sp/><sp/><sp/><sp/><sp/><sp/><sp/><sp/><sp/><sp/><sp/>cout<sp/>&lt;&lt;<sp/>&quot;Numero<sp/>da<sp/>turma:&quot;<sp/>&lt;&lt;<sp/>endl;</highlight><highlight class="normal"></highlight></codeline>
<codeline lineno="369"><highlight class="normal"></highlight><highlight class="comment">//<sp/><sp/><sp/><sp/><sp/><sp/><sp/><sp/><sp/><sp/><sp/><sp/><sp/><sp/><sp/><sp/><sp/><sp/>cin<sp/>&gt;&gt;<sp/>idTurma;</highlight><highlight class="normal"></highlight></codeline>
<codeline lineno="370"><highlight class="normal"></highlight><highlight class="comment">//</highlight><highlight class="normal"></highlight></codeline>
<codeline lineno="371"><highlight class="normal"></highlight><highlight class="comment">//<sp/><sp/><sp/><sp/><sp/><sp/><sp/><sp/><sp/><sp/><sp/><sp/><sp/><sp/><sp/><sp/><sp/><sp/>alunos[j].setNome(nome);</highlight><highlight class="normal"></highlight></codeline>
<codeline lineno="372"><highlight class="normal"></highlight><highlight class="comment">//<sp/><sp/><sp/><sp/><sp/><sp/><sp/><sp/><sp/><sp/><sp/><sp/><sp/><sp/><sp/><sp/><sp/><sp/>alunos[j].setNumero(numero);</highlight><highlight class="normal"></highlight></codeline>
<codeline lineno="373"><highlight class="normal"></highlight><highlight class="comment">//<sp/><sp/><sp/><sp/><sp/><sp/><sp/><sp/><sp/><sp/><sp/><sp/><sp/><sp/><sp/><sp/><sp/><sp/>alunos[j].setIDturma(idTurma);</highlight><highlight class="normal"></highlight></codeline>
<codeline lineno="374"><highlight class="normal"></highlight><highlight class="comment">//<sp/><sp/><sp/><sp/><sp/><sp/><sp/><sp/><sp/><sp/><sp/><sp/><sp/><sp/><sp/><sp/><sp/><sp/>cout<sp/>&lt;&lt;<sp/>&quot;Aluno<sp/>criado<sp/>com<sp/>sucesso&quot;<sp/>&lt;&lt;<sp/>endl;</highlight><highlight class="normal"></highlight></codeline>
<codeline lineno="375"><highlight class="normal"></highlight><highlight class="comment">//<sp/><sp/><sp/><sp/><sp/><sp/><sp/><sp/><sp/><sp/><sp/><sp/><sp/><sp/>}</highlight><highlight class="normal"></highlight></codeline>
<codeline lineno="376"><highlight class="normal"></highlight><highlight class="comment">//<sp/><sp/><sp/><sp/><sp/><sp/><sp/><sp/><sp/><sp/>}</highlight><highlight class="normal"></highlight></codeline>
<codeline lineno="377"><highlight class="normal"></highlight><highlight class="comment">//<sp/><sp/><sp/><sp/><sp/><sp/>}</highlight><highlight class="normal"></highlight></codeline>
<codeline lineno="378"><highlight class="normal"></highlight><highlight class="comment">//<sp/><sp/>}</highlight><highlight class="normal"></highlight></codeline>
<codeline lineno="379"><highlight class="normal"></highlight><highlight class="comment">//<sp/><sp/>return<sp/>true;</highlight><highlight class="normal"></highlight></codeline>
<codeline lineno="380"><highlight class="normal"></highlight><highlight class="comment">//}</highlight><highlight class="normal"></highlight></codeline>
<codeline lineno="381"><highlight class="normal"></highlight><highlight class="comment">//</highlight><highlight class="normal"></highlight></codeline>
<codeline lineno="382"><highlight class="normal"></highlight><highlight class="comment">//bool<sp/>eliminar(int<sp/>i)<sp/>{</highlight><highlight class="normal"></highlight></codeline>
<codeline lineno="383"><highlight class="normal"></highlight><highlight class="comment">//<sp/><sp/>return<sp/>false;</highlight><highlight class="normal"></highlight></codeline>
<codeline lineno="384"><highlight class="normal"></highlight><highlight class="comment">//}</highlight><highlight class="normal"></highlight></codeline>
    </programlisting>
    <location file="E:/Documentos/git/AEDA_TP1/AEDA_TP1/main.cpp"/>
  </compounddef>
</doxygen>
