<?xml version='1.0' encoding='UTF-8' standalone='no'?>
<doxygen xmlns:xsi="http://www.w3.org/2001/XMLSchema-instance" xsi:noNamespaceSchemaLocation="compound.xsd" version="1.8.3">
  <compounddef id="_aluno_8h" kind="file">
    <compoundname>Aluno.h</compoundname>
    <includes local="no">string</includes>
    <includes refid="_turma_8h" local="yes">Turma.h</includes>
    <includes refid="_professor_8h" local="yes">Professor.h</includes>
    <includedby refid="_aluno_8cpp" local="yes">Aluno.cpp</includedby>
    <includedby refid="_excepcao_8h" local="yes">Excepcao.h</includedby>
    <includedby refid="_escola_8h" local="yes">Escola.h</includedby>
    <includedby refid="main_8cpp" local="yes">main.cpp</includedby>
    <incdepgraph>
      <node id="18">
        <label>Professor.h</label>
        <link refid="_professor_8h_source"/>
        <childnode refid="13" relation="include">
        </childnode>
        <childnode refid="19" relation="include">
        </childnode>
        <childnode refid="16" relation="include">
        </childnode>
        <childnode refid="14" relation="include">
        </childnode>
        <childnode refid="17" relation="include">
        </childnode>
      </node>
      <node id="12">
        <label>Aluno.h</label>
        <link refid="Aluno.h"/>
        <childnode refid="13" relation="include">
        </childnode>
        <childnode refid="14" relation="include">
        </childnode>
        <childnode refid="18" relation="include">
        </childnode>
      </node>
      <node id="13">
        <label>string</label>
      </node>
      <node id="14">
        <label>Turma.h</label>
        <link refid="_turma_8h_source"/>
        <childnode refid="15" relation="include">
        </childnode>
      </node>
      <node id="16">
        <label>vector</label>
      </node>
      <node id="19">
        <label>sstream</label>
      </node>
      <node id="17">
        <label>Disciplina.h</label>
        <link refid="_disciplina_8h_source"/>
        <childnode refid="13" relation="include">
        </childnode>
        <childnode refid="16" relation="include">
        </childnode>
      </node>
      <node id="15">
        <label>Horario.h</label>
        <link refid="_horario_8h_source"/>
        <childnode refid="16" relation="include">
        </childnode>
        <childnode refid="17" relation="include">
        </childnode>
      </node>
    </incdepgraph>
    <invincdepgraph>
      <node id="20">
        <label>Aluno.h</label>
        <link refid="Aluno.h"/>
        <childnode refid="21" relation="include">
        </childnode>
        <childnode refid="22" relation="include">
        </childnode>
      </node>
      <node id="22">
        <label>Escola.h</label>
        <link refid="_escola_8h_source"/>
      </node>
      <node id="21">
        <label>Excepcao.h</label>
        <link refid="_excepcao_8h_source"/>
        <childnode refid="22" relation="include">
        </childnode>
      </node>
    </invincdepgraph>
    <innerclass refid="class_aluno" prot="public">Aluno</innerclass>
    <innernamespace refid="namespacestd">std</innernamespace>
      <sectiondef kind="define">
      <memberdef kind="define" id="_aluno_8h_1afabe40c988deb46665abf62cf618393d" prot="public" static="no">
        <name>MAX_ALUNOS</name>
        <initializer>30</initializer>
        <briefdescription>
        </briefdescription>
        <detaileddescription>
        </detaileddescription>
        <inbodydescription>
        </inbodydescription>
        <location file="E:/Documentos/git/AEDA_TP1/AEDA_TP1/Aluno.h" line="9" bodyfile="E:/Documentos/git/AEDA_TP1/AEDA_TP1/Aluno.h" bodystart="9" bodyend="-1"/>
      </memberdef>
      </sectiondef>
    <briefdescription>
    </briefdescription>
    <detaileddescription>
    </detaileddescription>
    <programlisting>
<codeline lineno="1"><highlight class="preprocessor">#ifndef<sp/>_ALUNO_H_</highlight></codeline>
<codeline lineno="2"><highlight class="preprocessor"></highlight><highlight class="preprocessor">#define<sp/>_ALUNO_H_</highlight></codeline>
<codeline lineno="3"><highlight class="preprocessor"></highlight><highlight class="normal"></highlight></codeline>
<codeline lineno="4"><highlight class="normal"></highlight><highlight class="preprocessor">#include<sp/>&lt;string&gt;</highlight><highlight class="normal"></highlight></codeline>
<codeline lineno="5"><highlight class="normal"></highlight><highlight class="preprocessor">#include<sp/>&quot;Turma.h&quot;</highlight><highlight class="normal"></highlight></codeline>
<codeline lineno="6"><highlight class="normal"></highlight><highlight class="preprocessor">#include<sp/>&quot;Professor.h&quot;</highlight><highlight class="normal"></highlight></codeline>
<codeline lineno="7"><highlight class="normal"></highlight></codeline>
<codeline lineno="8"><highlight class="normal"></highlight></codeline>
<codeline lineno="9"><highlight class="normal"></highlight><highlight class="preprocessor">#define<sp/>MAX_ALUNOS<sp/>30</highlight></codeline>
<codeline lineno="10"><highlight class="preprocessor"></highlight><highlight class="normal"></highlight></codeline>
<codeline lineno="11"><highlight class="normal"></highlight><highlight class="keyword">using<sp/>namespace<sp/></highlight><highlight class="normal">std;</highlight></codeline>
<codeline lineno="13" refid="class_aluno" refkind="compound"><highlight class="keyword">class<sp/></highlight><highlight class="normal"><ref refid="class_aluno" kindref="compound" tooltip="Aluno de uma escola.">Aluno</ref><sp/>:<sp/></highlight><highlight class="keyword">public</highlight><highlight class="normal"><sp/><ref refid="class_pessoa" kindref="compound" tooltip="Classe Base para Professor e Aluno.">Pessoa</ref>{</highlight></codeline>
<codeline lineno="14"><highlight class="normal"></highlight></codeline>
<codeline lineno="15"><highlight class="normal"><sp/><sp/><sp/><sp/></highlight><highlight class="keywordtype">int</highlight><highlight class="normal"><sp/>_numero;</highlight></codeline>
<codeline lineno="16"><highlight class="normal"><sp/><sp/><sp/><sp/><ref refid="class_turma" kindref="compound">Turma</ref><sp/>*<sp/>_turma;</highlight></codeline>
<codeline lineno="17"><highlight class="normal"></highlight><highlight class="keyword">public</highlight><highlight class="normal">:</highlight></codeline>
<codeline lineno="18"><highlight class="normal"></highlight></codeline>
<codeline lineno="19"><highlight class="normal"><sp/><sp/><sp/><sp/><ref refid="class_aluno" kindref="compound" tooltip="Aluno de uma escola.">Aluno</ref>(</highlight><highlight class="keywordtype">string</highlight><highlight class="normal"><sp/>n,<sp/></highlight><highlight class="keywordtype">int</highlight><highlight class="normal"><sp/>numero,<ref refid="class_turma" kindref="compound">Turma</ref><sp/>*<sp/>t);</highlight></codeline>
<codeline lineno="20"><highlight class="normal"></highlight></codeline>
<codeline lineno="21"><highlight class="normal"></highlight></codeline>
<codeline lineno="22"><highlight class="normal"><sp/><sp/><sp/><sp/></highlight><highlight class="keywordtype">int</highlight><highlight class="normal"><sp/>getNumero();</highlight></codeline>
<codeline lineno="23"><highlight class="normal"></highlight></codeline>
<codeline lineno="24"><highlight class="normal"><sp/><sp/><sp/><sp/><ref refid="class_turma" kindref="compound">Turma</ref><sp/>*<sp/>getTurma();</highlight></codeline>
<codeline lineno="25"><highlight class="normal"></highlight></codeline>
<codeline lineno="26"><highlight class="normal"><sp/><sp/><sp/><sp/></highlight><highlight class="keywordtype">void</highlight><highlight class="normal"><sp/>setNumero(</highlight><highlight class="keywordtype">int</highlight><highlight class="normal"><sp/>numero);</highlight></codeline>
<codeline lineno="27"><highlight class="normal"><sp/><sp/><sp/><sp/></highlight><highlight class="keywordtype">void</highlight><highlight class="normal"><sp/>setTurma(<ref refid="class_turma" kindref="compound">Turma</ref><sp/>*<sp/>t);</highlight></codeline>
<codeline lineno="28"><highlight class="normal"><sp/><sp/><sp/><sp/></highlight><highlight class="keywordtype">bool</highlight><highlight class="normal"><sp/>operator==(<ref refid="class_aluno" kindref="compound" tooltip="Aluno de uma escola.">Aluno</ref><sp/>*<sp/>a2);</highlight></codeline>
<codeline lineno="29"><highlight class="normal"><sp/><sp/><sp/><sp/></highlight><highlight class="keywordtype">string</highlight><highlight class="normal"><sp/>print();</highlight></codeline>
<codeline lineno="30"><highlight class="normal">};</highlight></codeline>
<codeline lineno="31"><highlight class="normal"></highlight><highlight class="preprocessor">#endif<sp/></highlight><highlight class="comment">/*<sp/>ALUNO_H_<sp/>*/</highlight><highlight class="preprocessor"></highlight></codeline>
    </programlisting>
    <location file="E:/Documentos/git/AEDA_TP1/AEDA_TP1/Aluno.h"/>
  </compounddef>
</doxygen>
