<?xml version='1.0' encoding='UTF-8' standalone='no'?>
<doxygen xmlns:xsi="http://www.w3.org/2001/XMLSchema-instance" xsi:noNamespaceSchemaLocation="compound.xsd" version="1.8.3">
  <compounddef id="_turma_8cpp" kind="file">
    <compoundname>Turma.cpp</compoundname>
    <includes refid="_turma_8h" local="yes">Turma.h</includes>
    <incdepgraph>
      <node id="133">
        <label>Turma.cpp</label>
        <link refid="Turma.cpp"/>
        <childnode refid="134" relation="include">
        </childnode>
      </node>
      <node id="138">
        <label>string</label>
      </node>
      <node id="134">
        <label>Turma.h</label>
        <link refid="_turma_8h_source"/>
        <childnode refid="135" relation="include">
        </childnode>
      </node>
      <node id="136">
        <label>vector</label>
      </node>
      <node id="137">
        <label>Disciplina.h</label>
        <link refid="_disciplina_8h_source"/>
        <childnode refid="138" relation="include">
        </childnode>
        <childnode refid="136" relation="include">
        </childnode>
      </node>
      <node id="135">
        <label>Horario.h</label>
        <link refid="_horario_8h_source"/>
        <childnode refid="136" relation="include">
        </childnode>
        <childnode refid="137" relation="include">
        </childnode>
      </node>
    </incdepgraph>
    <briefdescription>
    </briefdescription>
    <detaileddescription>
    </detaileddescription>
    <programlisting>
<codeline lineno="1"><highlight class="preprocessor">#include<sp/>&quot;Turma.h&quot;</highlight></codeline>
<codeline lineno="5"><highlight class="normal"><ref refid="class_turma_1a8ad1feec07b4c0ff5d4ec51c8b4a61fd" kindref="member" tooltip="default empty constructor for Turma">Turma::Turma</ref>(){</highlight></codeline>
<codeline lineno="6"><highlight class="normal"></highlight></codeline>
<codeline lineno="7"><highlight class="normal">}</highlight></codeline>
<codeline lineno="13"><highlight class="normal"><ref refid="class_turma_1a8ad1feec07b4c0ff5d4ec51c8b4a61fd" kindref="member" tooltip="default empty constructor for Turma">Turma::Turma</ref>(</highlight><highlight class="keywordtype">int</highlight><highlight class="normal"><sp/></highlight><highlight class="keywordtype">id</highlight><highlight class="normal">,<sp/></highlight><highlight class="keywordtype">int</highlight><highlight class="normal"><sp/>anoEscolar)<sp/>{</highlight></codeline>
<codeline lineno="14"><highlight class="normal"><sp/><sp/><sp/><sp/>this-&gt;</highlight><highlight class="keywordtype">id</highlight><highlight class="normal">=id;</highlight></codeline>
<codeline lineno="15"><highlight class="normal"><sp/><sp/><sp/><sp/>this-&gt;anoEscolar=anoEscolar;</highlight></codeline>
<codeline lineno="16"><highlight class="normal">}</highlight></codeline>
<codeline lineno="21"><highlight class="normal"><ref refid="class_turma_1a8ad1feec07b4c0ff5d4ec51c8b4a61fd" kindref="member" tooltip="default empty constructor for Turma">Turma::Turma</ref>(</highlight><highlight class="keywordtype">int</highlight><highlight class="normal"><sp/></highlight><highlight class="keywordtype">id</highlight><highlight class="normal">)<sp/>{</highlight></codeline>
<codeline lineno="22"><highlight class="normal"><sp/><sp/><sp/><sp/>this-&gt;</highlight><highlight class="keywordtype">id</highlight><highlight class="normal">=id;</highlight></codeline>
<codeline lineno="23"><highlight class="normal"><sp/><sp/><sp/><sp/>this-&gt;anoEscolar<sp/>=<sp/>0;</highlight></codeline>
<codeline lineno="24"><highlight class="normal">}</highlight></codeline>
<codeline lineno="28"><highlight class="normal"><ref refid="class_turma_1ac9901558278461593150226ed06567e2" kindref="member" tooltip="Default destructor.">Turma::~Turma</ref>()<sp/>{}</highlight></codeline>
<codeline lineno="29"><highlight class="normal"></highlight></codeline>
<codeline lineno="34"><highlight class="keywordtype">int</highlight><highlight class="normal"><sp/><ref refid="class_turma_1a25bc31537a7fb3345712b780ff2f825f" kindref="member">Turma::getID</ref>(){</highlight></codeline>
<codeline lineno="35"><highlight class="normal"><sp/><sp/><sp/><sp/></highlight><highlight class="keywordflow">return</highlight><highlight class="normal"><sp/>id;</highlight></codeline>
<codeline lineno="36"><highlight class="normal">}</highlight></codeline>
<codeline lineno="41"><highlight class="keywordtype">void</highlight><highlight class="normal"><sp/><ref refid="class_turma_1a5c011a25251cd40d549e504b71d7b18f" kindref="member">Turma::setID</ref>(</highlight><highlight class="keywordtype">int</highlight><highlight class="normal"><sp/>i){</highlight></codeline>
<codeline lineno="42"><highlight class="normal"><sp/><sp/><sp/><sp/></highlight><highlight class="keywordtype">id</highlight><highlight class="normal">=i;</highlight></codeline>
<codeline lineno="43"><highlight class="normal">}</highlight></codeline>
<codeline lineno="48"><highlight class="keywordtype">int</highlight><highlight class="normal"><sp/><ref refid="class_turma_1a18af6d19b01102c00f07720f7b149252" kindref="member">Turma::getAnoEscolar</ref>(){</highlight></codeline>
<codeline lineno="49"><highlight class="normal"><sp/><sp/><sp/><sp/></highlight><highlight class="keywordflow">return</highlight><highlight class="normal"><sp/>anoEscolar;</highlight></codeline>
<codeline lineno="50"><highlight class="normal">}</highlight></codeline>
<codeline lineno="55"><highlight class="keywordtype">void</highlight><highlight class="normal"><sp/><ref refid="class_turma_1abd1be35d1d394aeca1818ed643845ff8" kindref="member">Turma::setAnoEscolar</ref>(</highlight><highlight class="keywordtype">int</highlight><highlight class="normal"><sp/>ae){</highlight></codeline>
<codeline lineno="56"><highlight class="normal"><sp/><sp/><sp/><sp/>anoEscolar=ae;</highlight></codeline>
<codeline lineno="57"><highlight class="normal">}</highlight></codeline>
<codeline lineno="62"><highlight class="normal"><ref refid="class_horario" kindref="compound" tooltip="Hor�rio de uma Turma.">Horario</ref>*<sp/><ref refid="class_turma_1af23a78e8b0130542d662f9d1c20b9422" kindref="member">Turma::getHorario</ref>(){</highlight></codeline>
<codeline lineno="63"><highlight class="normal"><sp/><sp/><sp/><sp/></highlight><highlight class="keywordflow">return</highlight><highlight class="normal"><sp/>horario;</highlight></codeline>
<codeline lineno="64"><highlight class="normal">}</highlight></codeline>
<codeline lineno="69"><highlight class="keywordtype">void</highlight><highlight class="normal"><sp/><ref refid="class_turma_1aab28fe642d927ba176ec4259fdc2d8e0" kindref="member">Turma::setHorario</ref>(<ref refid="class_horario" kindref="compound" tooltip="Hor�rio de uma Turma.">Horario</ref>*<sp/>h){</highlight></codeline>
<codeline lineno="70"><highlight class="normal"></highlight></codeline>
<codeline lineno="71"><highlight class="normal">}</highlight></codeline>
<codeline lineno="77"><highlight class="keywordtype">bool</highlight><highlight class="normal"><sp/><ref refid="class_turma_1a52d07a750b962cfb81c2067858d9d08a" kindref="member">Turma::operator==</ref>(<ref refid="class_turma" kindref="compound">Turma</ref><sp/>*<sp/>t2){</highlight></codeline>
<codeline lineno="78"><highlight class="normal"><sp/><sp/><sp/><sp/></highlight><highlight class="keywordflow">return</highlight><highlight class="normal"><sp/></highlight><highlight class="keywordtype">id</highlight><highlight class="normal"><sp/>==<sp/>t2-&gt;<ref refid="class_turma_1a25bc31537a7fb3345712b780ff2f825f" kindref="member">getID</ref>();</highlight></codeline>
<codeline lineno="79"><highlight class="normal">}</highlight></codeline>
    </programlisting>
    <location file="E:/Documentos/git/AEDA_TP1/AEDA_TP1/Turma.cpp"/>
  </compounddef>
</doxygen>
