<?xml version='1.0' encoding='UTF-8' standalone='no'?>
<doxygen xmlns:xsi="http://www.w3.org/2001/XMLSchema-instance" xsi:noNamespaceSchemaLocation="compound.xsd" version="1.8.3">
  <compounddef id="class_alunos_por_turma_excedido" kind="class" prot="public">
    <compoundname>AlunosPorTurmaExcedido</compoundname>
    <includes refid="_excepcao_8h" local="no">Excepcao.h</includes>
      <sectiondef kind="public-attrib">
      <memberdef kind="variable" id="class_alunos_por_turma_excedido_1ad3b26da7b4a81b52cd2e1cf969cbae2e" prot="public" static="no" mutable="no">
        <type><ref refid="class_aluno" kindref="compound">Aluno</ref> *</type>
        <definition>Aluno* AlunosPorTurmaExcedido::aluno</definition>
        <argsstring></argsstring>
        <name>aluno</name>
        <briefdescription>
<para><ref refid="class_aluno" kindref="compound">Aluno</ref> que excede o limite da turma. </para>        </briefdescription>
        <detaileddescription>
        </detaileddescription>
        <inbodydescription>
        </inbodydescription>
        <location file="E:/Documentos/git/AEDA_TP1/AEDA_TP1/Excepcao.h" line="54" bodyfile="E:/Documentos/git/AEDA_TP1/AEDA_TP1/Excepcao.h" bodystart="54" bodyend="-1"/>
      </memberdef>
      </sectiondef>
      <sectiondef kind="public-func">
      <memberdef kind="function" id="class_alunos_por_turma_excedido_1a34a212882e9b566992c4e9cf618e1425" prot="public" static="no" const="no" explicit="no" inline="yes" virt="non-virtual">
        <type></type>
        <definition>AlunosPorTurmaExcedido::AlunosPorTurmaExcedido</definition>
        <argsstring>(Aluno *a)</argsstring>
        <name>AlunosPorTurmaExcedido</name>
        <param>
          <type><ref refid="class_aluno" kindref="compound">Aluno</ref> *</type>
          <declname>a</declname>
        </param>
        <briefdescription>
        </briefdescription>
        <detaileddescription>
        </detaileddescription>
        <inbodydescription>
        </inbodydescription>
        <location file="E:/Documentos/git/AEDA_TP1/AEDA_TP1/Excepcao.h" line="55" bodyfile="E:/Documentos/git/AEDA_TP1/AEDA_TP1/Excepcao.h" bodystart="55" bodyend="57"/>
      </memberdef>
      <memberdef kind="function" id="class_alunos_por_turma_excedido_1a5c9495949ceaf62e87e6ee03cf596b9e" prot="public" static="no" const="no" explicit="no" inline="yes" virt="non-virtual">
        <type>string</type>
        <definition>string AlunosPorTurmaExcedido::getErro</definition>
        <argsstring>()</argsstring>
        <name>getErro</name>
        <briefdescription>
        </briefdescription>
        <detaileddescription>
        </detaileddescription>
        <inbodydescription>
<para>&lt; Mensagem de erro lancada pela excepcao </para>        </inbodydescription>
        <location file="E:/Documentos/git/AEDA_TP1/AEDA_TP1/Excepcao.h" line="58" bodyfile="E:/Documentos/git/AEDA_TP1/AEDA_TP1/Excepcao.h" bodystart="58" bodyend="62"/>
      </memberdef>
      <memberdef kind="function" id="class_alunos_por_turma_excedido_1a018e25ae5eb0bfc4f704561c9f951c11" prot="public" static="no" const="no" explicit="no" inline="yes" virt="virtual">
        <type></type>
        <definition>virtual AlunosPorTurmaExcedido::~AlunosPorTurmaExcedido</definition>
        <argsstring>()</argsstring>
        <name>~AlunosPorTurmaExcedido</name>
        <briefdescription>
<para>Destrutor. </para>        </briefdescription>
        <detaileddescription>
        </detaileddescription>
        <inbodydescription>
        </inbodydescription>
        <location file="E:/Documentos/git/AEDA_TP1/AEDA_TP1/Excepcao.h" line="63" bodyfile="E:/Documentos/git/AEDA_TP1/AEDA_TP1/Excepcao.h" bodystart="63" bodyend="-1"/>
      </memberdef>
      </sectiondef>
    <briefdescription>
<para>Excep�ao lancada quando o numero de alunos por turma � excedido. </para>    </briefdescription>
    <detaileddescription>
    </detaileddescription>
    <collaborationgraph>
      <node id="9">
        <label>AlunosPorTurmaExcedido</label>
        <link refid="class_alunos_por_turma_excedido"/>
        <childnode refid="10" relation="usage">
          <edgelabel>aluno</edgelabel>
        </childnode>
      </node>
      <node id="10">
        <label>Aluno</label>
        <link refid="class_aluno"/>
        <childnode refid="11" relation="public-inheritance">
        </childnode>
      </node>
      <node id="11">
        <label>Pessoa</label>
        <link refid="class_pessoa"/>
      </node>
    </collaborationgraph>
    <location file="E:/Documentos/git/AEDA_TP1/AEDA_TP1/Excepcao.h" line="52" bodyfile="E:/Documentos/git/AEDA_TP1/AEDA_TP1/Excepcao.h" bodystart="51" bodyend="64"/>
    <listofallmembers>
      <member refid="class_alunos_por_turma_excedido_1ad3b26da7b4a81b52cd2e1cf969cbae2e" prot="public" virt="non-virtual"><scope>AlunosPorTurmaExcedido</scope><name>aluno</name></member>
      <member refid="class_alunos_por_turma_excedido_1a34a212882e9b566992c4e9cf618e1425" prot="public" virt="non-virtual"><scope>AlunosPorTurmaExcedido</scope><name>AlunosPorTurmaExcedido</name></member>
      <member refid="class_alunos_por_turma_excedido_1a5c9495949ceaf62e87e6ee03cf596b9e" prot="public" virt="non-virtual"><scope>AlunosPorTurmaExcedido</scope><name>getErro</name></member>
      <member refid="class_alunos_por_turma_excedido_1a018e25ae5eb0bfc4f704561c9f951c11" prot="public" virt="virtual"><scope>AlunosPorTurmaExcedido</scope><name>~AlunosPorTurmaExcedido</name></member>
    </listofallmembers>
  </compounddef>
</doxygen>
