<?xml version='1.0' encoding='UTF-8' standalone='no'?>
<doxygen xmlns:xsi="http://www.w3.org/2001/XMLSchema-instance" xsi:noNamespaceSchemaLocation="compound.xsd" version="1.8.3">
  <compounddef id="class_disciplina" kind="class" prot="public">
    <compoundname>Disciplina</compoundname>
    <includes refid="_disciplina_8h" local="no">Disciplina.h</includes>
      <sectiondef kind="private-attrib">
      <memberdef kind="variable" id="class_disciplina_1a5c3b193be7d2fa0c76d064bad0954742" prot="private" static="no" mutable="no">
        <type>string</type>
        <definition>string Disciplina::_nome</definition>
        <argsstring></argsstring>
        <name>_nome</name>
        <briefdescription>
<para>Designacao da <ref refid="class_disciplina" kindref="compound">Disciplina</ref>. </para>        </briefdescription>
        <detaileddescription>
        </detaileddescription>
        <inbodydescription>
        </inbodydescription>
        <location file="E:/Documentos/git/AEDA_TP1/AEDA_TP1/Disciplina.h" line="12" bodyfile="E:/Documentos/git/AEDA_TP1/AEDA_TP1/Disciplina.h" bodystart="12" bodyend="-1"/>
      </memberdef>
      <memberdef kind="variable" id="class_disciplina_1a9a530133caedaebbb110610ac6b5c880" prot="private" static="no" mutable="no">
        <type>int</type>
        <definition>int Disciplina::_duracao</definition>
        <argsstring></argsstring>
        <name>_duracao</name>
        <briefdescription>
<para>Duracao de uma aula da <ref refid="class_disciplina" kindref="compound">Disciplina</ref> em minutos. </para>        </briefdescription>
        <detaileddescription>
        </detaileddescription>
        <inbodydescription>
        </inbodydescription>
        <location file="E:/Documentos/git/AEDA_TP1/AEDA_TP1/Disciplina.h" line="13" bodyfile="E:/Documentos/git/AEDA_TP1/AEDA_TP1/Disciplina.h" bodystart="13" bodyend="-1"/>
      </memberdef>
      <memberdef kind="variable" id="class_disciplina_1a5ef5a4e0dcdcc2d1286c6d5af4d76f3a" prot="private" static="no" mutable="no">
        <type>int</type>
        <definition>int Disciplina::_hora_inicio</definition>
        <argsstring></argsstring>
        <name>_hora_inicio</name>
        <briefdescription>
<para>Hora de inicio da aula. </para>        </briefdescription>
        <detaileddescription>
        </detaileddescription>
        <inbodydescription>
        </inbodydescription>
        <location file="E:/Documentos/git/AEDA_TP1/AEDA_TP1/Disciplina.h" line="14" bodyfile="E:/Documentos/git/AEDA_TP1/AEDA_TP1/Disciplina.h" bodystart="14" bodyend="-1"/>
      </memberdef>
      </sectiondef>
      <sectiondef kind="public-func">
      <memberdef kind="function" id="class_disciplina_1ae4496d51677842852775c89892387daf" prot="public" static="no" const="no" explicit="no" inline="no" virt="non-virtual">
        <type></type>
        <definition>Disciplina::Disciplina</definition>
        <argsstring>(string _nome, int d, int h)</argsstring>
        <name>Disciplina</name>
        <param>
          <type>string</type>
          <declname>_nome</declname>
          <defname>nome</defname>
        </param>
        <param>
          <type>int</type>
          <declname>d</declname>
        </param>
        <param>
          <type>int</type>
          <declname>h</declname>
        </param>
        <briefdescription>
        </briefdescription>
        <detaileddescription>
<para><parameterlist kind="param"><parameteritem>
<parameternamelist>
<parametername>nome</parametername>
</parameternamelist>
<parameterdescription>
<para></para></parameterdescription>
</parameteritem>
<parameteritem>
<parameternamelist>
<parametername>d</parametername>
</parameternamelist>
<parameterdescription>
<para></para></parameterdescription>
</parameteritem>
<parameteritem>
<parameternamelist>
<parametername>h</parametername>
</parameternamelist>
<parameterdescription>
<para></para></parameterdescription>
</parameteritem>
</parameterlist>
</para>        </detaileddescription>
        <inbodydescription>
        </inbodydescription>
        <location file="E:/Documentos/git/AEDA_TP1/AEDA_TP1/Disciplina.h" line="17" bodyfile="E:/Documentos/git/AEDA_TP1/AEDA_TP1/Disciplina.cpp" bodystart="12" bodyend="15"/>
      </memberdef>
      <memberdef kind="function" id="class_disciplina_1a09445908668708d2b62feb8b600a6af6" prot="public" static="no" const="yes" explicit="no" inline="no" virt="non-virtual">
        <type>string</type>
        <definition>string Disciplina::getNome</definition>
        <argsstring>() const </argsstring>
        <name>getNome</name>
        <briefdescription>
        </briefdescription>
        <detaileddescription>
<para><simplesect kind="return"><para></para></simplesect>
</para>        </detaileddescription>
        <inbodydescription>
        </inbodydescription>
        <location file="E:/Documentos/git/AEDA_TP1/AEDA_TP1/Disciplina.h" line="18" bodyfile="E:/Documentos/git/AEDA_TP1/AEDA_TP1/Disciplina.cpp" bodystart="21" bodyend="23"/>
      </memberdef>
      <memberdef kind="function" id="class_disciplina_1a2d8e0957375f6d9f1f720a58acfb80de" prot="public" static="no" const="no" explicit="no" inline="no" virt="non-virtual">
        <type>void</type>
        <definition>void Disciplina::setNome</definition>
        <argsstring>(string _nome)</argsstring>
        <name>setNome</name>
        <param>
          <type>string</type>
          <declname>_nome</declname>
          <defname>nome</defname>
        </param>
        <briefdescription>
        </briefdescription>
        <detaileddescription>
<para><parameterlist kind="param"><parameteritem>
<parameternamelist>
<parametername>nome</parametername>
</parameternamelist>
<parameterdescription>
<para></para></parameterdescription>
</parameteritem>
</parameterlist>
</para>        </detaileddescription>
        <inbodydescription>
        </inbodydescription>
        <location file="E:/Documentos/git/AEDA_TP1/AEDA_TP1/Disciplina.h" line="19" bodyfile="E:/Documentos/git/AEDA_TP1/AEDA_TP1/Disciplina.cpp" bodystart="28" bodyend="30"/>
      </memberdef>
      <memberdef kind="function" id="class_disciplina_1aa3f19dc881279231e7eaa3194f01c4df" prot="public" static="no" const="yes" explicit="no" inline="no" virt="non-virtual">
        <type>int</type>
        <definition>int Disciplina::getDuracao</definition>
        <argsstring>() const </argsstring>
        <name>getDuracao</name>
        <briefdescription>
        </briefdescription>
        <detaileddescription>
<para><simplesect kind="return"><para></para></simplesect>
</para>        </detaileddescription>
        <inbodydescription>
        </inbodydescription>
        <location file="E:/Documentos/git/AEDA_TP1/AEDA_TP1/Disciplina.h" line="20" bodyfile="E:/Documentos/git/AEDA_TP1/AEDA_TP1/Disciplina.cpp" bodystart="35" bodyend="37"/>
      </memberdef>
      <memberdef kind="function" id="class_disciplina_1aadc65f8c2f09352cc6f80881d67e720d" prot="public" static="no" const="no" explicit="no" inline="no" virt="non-virtual">
        <type>void</type>
        <definition>void Disciplina::setDuracao</definition>
        <argsstring>(int d)</argsstring>
        <name>setDuracao</name>
        <param>
          <type>int</type>
          <declname>d</declname>
        </param>
        <briefdescription>
        </briefdescription>
        <detaileddescription>
<para><parameterlist kind="param"><parameteritem>
<parameternamelist>
<parametername>d</parametername>
</parameternamelist>
<parameterdescription>
<para></para></parameterdescription>
</parameteritem>
</parameterlist>
</para>        </detaileddescription>
        <inbodydescription>
        </inbodydescription>
        <location file="E:/Documentos/git/AEDA_TP1/AEDA_TP1/Disciplina.h" line="21" bodyfile="E:/Documentos/git/AEDA_TP1/AEDA_TP1/Disciplina.cpp" bodystart="42" bodyend="46"/>
      </memberdef>
      <memberdef kind="function" id="class_disciplina_1afde765c64f78f530d09d404d15c4c5dd" prot="public" static="no" const="yes" explicit="no" inline="no" virt="non-virtual">
        <type>int</type>
        <definition>int Disciplina::getHoraInicio</definition>
        <argsstring>() const </argsstring>
        <name>getHoraInicio</name>
        <briefdescription>
        </briefdescription>
        <detaileddescription>
<para><simplesect kind="return"><para></para></simplesect>
</para>        </detaileddescription>
        <inbodydescription>
        </inbodydescription>
        <location file="E:/Documentos/git/AEDA_TP1/AEDA_TP1/Disciplina.h" line="22" bodyfile="E:/Documentos/git/AEDA_TP1/AEDA_TP1/Disciplina.cpp" bodystart="51" bodyend="53"/>
      </memberdef>
      <memberdef kind="function" id="class_disciplina_1aa6822138c1277be2b2c5c420c1a1f34d" prot="public" static="no" const="no" explicit="no" inline="no" virt="non-virtual">
        <type>void</type>
        <definition>void Disciplina::setHoraInicio</definition>
        <argsstring>(int h)</argsstring>
        <name>setHoraInicio</name>
        <param>
          <type>int</type>
          <declname>h</declname>
        </param>
        <briefdescription>
        </briefdescription>
        <detaileddescription>
<para><parameterlist kind="param"><parameteritem>
<parameternamelist>
<parametername>h</parametername>
</parameternamelist>
<parameterdescription>
<para></para></parameterdescription>
</parameteritem>
</parameterlist>
</para>        </detaileddescription>
        <inbodydescription>
        </inbodydescription>
        <location file="E:/Documentos/git/AEDA_TP1/AEDA_TP1/Disciplina.h" line="23" bodyfile="E:/Documentos/git/AEDA_TP1/AEDA_TP1/Disciplina.cpp" bodystart="58" bodyend="60"/>
      </memberdef>
      <memberdef kind="function" id="class_disciplina_1a28b929f7e36d902da32b0ecc329420b6" prot="public" static="no" const="yes" explicit="no" inline="no" virt="non-virtual">
        <type>int</type>
        <definition>int Disciplina::getHoraFim</definition>
        <argsstring>() const </argsstring>
        <name>getHoraFim</name>
        <briefdescription>
        </briefdescription>
        <detaileddescription>
<para><simplesect kind="return"><para></para></simplesect>
</para>        </detaileddescription>
        <inbodydescription>
        </inbodydescription>
        <location file="E:/Documentos/git/AEDA_TP1/AEDA_TP1/Disciplina.h" line="24" bodyfile="E:/Documentos/git/AEDA_TP1/AEDA_TP1/Disciplina.cpp" bodystart="65" bodyend="67"/>
      </memberdef>
      <memberdef kind="function" id="class_disciplina_1a41f649eceb91b6e2cae441a5888c7b84" prot="public" static="no" const="no" explicit="no" inline="no" virt="non-virtual">
        <type>bool</type>
        <definition>bool Disciplina::operator==</definition>
        <argsstring>(Disciplina *d2)</argsstring>
        <name>operator==</name>
        <param>
          <type><ref refid="class_disciplina" kindref="compound">Disciplina</ref> *</type>
          <declname>d2</declname>
        </param>
        <briefdescription>
<para>Verificasse quando o nome entre os dois objetos e igual. </para>        </briefdescription>
        <detaileddescription>
<para><parameterlist kind="param"><parameteritem>
<parameternamelist>
<parametername>d2</parametername>
</parameternamelist>
<parameterdescription>
<para></para></parameterdescription>
</parameteritem>
</parameterlist>
<simplesect kind="return"><para></para></simplesect>
</para>        </detaileddescription>
        <inbodydescription>
        </inbodydescription>
        <location file="E:/Documentos/git/AEDA_TP1/AEDA_TP1/Disciplina.h" line="26" bodyfile="E:/Documentos/git/AEDA_TP1/AEDA_TP1/Disciplina.cpp" bodystart="73" bodyend="75"/>
      </memberdef>
      <memberdef kind="function" id="class_disciplina_1a25f08db7e0d2f4ad44d91da2bcc923a2" prot="public" static="no" const="no" explicit="no" inline="yes" virt="virtual">
        <type></type>
        <definition>virtual Disciplina::~Disciplina</definition>
        <argsstring>()</argsstring>
        <name>~Disciplina</name>
        <briefdescription>
        </briefdescription>
        <detaileddescription>
        </detaileddescription>
        <inbodydescription>
        </inbodydescription>
        <location file="E:/Documentos/git/AEDA_TP1/AEDA_TP1/Disciplina.h" line="28" bodyfile="E:/Documentos/git/AEDA_TP1/AEDA_TP1/Disciplina.h" bodystart="28" bodyend="28"/>
      </memberdef>
      </sectiondef>
    <briefdescription>
<para>Class representa uma <ref refid="class_disciplina" kindref="compound">Disciplina</ref> contendo a sua designacao, duracao e hora de inicio. </para>    </briefdescription>
    <detaileddescription>
    </detaileddescription>
    <location file="E:/Documentos/git/AEDA_TP1/AEDA_TP1/Disciplina.h" line="10" bodyfile="E:/Documentos/git/AEDA_TP1/AEDA_TP1/Disciplina.h" bodystart="10" bodyend="29"/>
    <listofallmembers>
      <member refid="class_disciplina_1a9a530133caedaebbb110610ac6b5c880" prot="private" virt="non-virtual"><scope>Disciplina</scope><name>_duracao</name></member>
      <member refid="class_disciplina_1a5ef5a4e0dcdcc2d1286c6d5af4d76f3a" prot="private" virt="non-virtual"><scope>Disciplina</scope><name>_hora_inicio</name></member>
      <member refid="class_disciplina_1a5c3b193be7d2fa0c76d064bad0954742" prot="private" virt="non-virtual"><scope>Disciplina</scope><name>_nome</name></member>
      <member refid="class_disciplina_1ae4496d51677842852775c89892387daf" prot="public" virt="non-virtual"><scope>Disciplina</scope><name>Disciplina</name></member>
      <member refid="class_disciplina_1aa3f19dc881279231e7eaa3194f01c4df" prot="public" virt="non-virtual"><scope>Disciplina</scope><name>getDuracao</name></member>
      <member refid="class_disciplina_1a28b929f7e36d902da32b0ecc329420b6" prot="public" virt="non-virtual"><scope>Disciplina</scope><name>getHoraFim</name></member>
      <member refid="class_disciplina_1afde765c64f78f530d09d404d15c4c5dd" prot="public" virt="non-virtual"><scope>Disciplina</scope><name>getHoraInicio</name></member>
      <member refid="class_disciplina_1a09445908668708d2b62feb8b600a6af6" prot="public" virt="non-virtual"><scope>Disciplina</scope><name>getNome</name></member>
      <member refid="class_disciplina_1a41f649eceb91b6e2cae441a5888c7b84" prot="public" virt="non-virtual"><scope>Disciplina</scope><name>operator==</name></member>
      <member refid="class_disciplina_1aadc65f8c2f09352cc6f80881d67e720d" prot="public" virt="non-virtual"><scope>Disciplina</scope><name>setDuracao</name></member>
      <member refid="class_disciplina_1aa6822138c1277be2b2c5c420c1a1f34d" prot="public" virt="non-virtual"><scope>Disciplina</scope><name>setHoraInicio</name></member>
      <member refid="class_disciplina_1a2d8e0957375f6d9f1f720a58acfb80de" prot="public" virt="non-virtual"><scope>Disciplina</scope><name>setNome</name></member>
      <member refid="class_disciplina_1a25f08db7e0d2f4ad44d91da2bcc923a2" prot="public" virt="virtual"><scope>Disciplina</scope><name>~Disciplina</name></member>
    </listofallmembers>
  </compounddef>
</doxygen>
