<?xml version='1.0' encoding='UTF-8' standalone='no'?>
<doxygen xmlns:xsi="http://www.w3.org/2001/XMLSchema-instance" xsi:noNamespaceSchemaLocation="compound.xsd" version="1.8.3">
  <compounddef id="class_turma" kind="class" prot="public">
    <compoundname>Turma</compoundname>
      <sectiondef kind="private-attrib">
      <memberdef kind="variable" id="class_turma_1ac4f9ee7df8d19b2d4150bbf7b4865286" prot="private" static="no" mutable="no">
        <type>int</type>
        <definition>int Turma::id</definition>
        <argsstring></argsstring>
        <name>id</name>
        <briefdescription>
        </briefdescription>
        <detaileddescription>
        </detaileddescription>
        <inbodydescription>
        </inbodydescription>
        <location file="E:/Documentos/git/AEDA_TP1/AEDA_TP1/Turma.h" line="11" bodyfile="E:/Documentos/git/AEDA_TP1/AEDA_TP1/Turma.h" bodystart="11" bodyend="-1"/>
      </memberdef>
      <memberdef kind="variable" id="class_turma_1a7305f89a3dafad573aa4d413bdc81eb1" prot="private" static="no" mutable="no">
        <type>int</type>
        <definition>int Turma::anoEscolar</definition>
        <argsstring></argsstring>
        <name>anoEscolar</name>
        <briefdescription>
        </briefdescription>
        <detaileddescription>
        </detaileddescription>
        <inbodydescription>
        </inbodydescription>
        <location file="E:/Documentos/git/AEDA_TP1/AEDA_TP1/Turma.h" line="11" bodyfile="E:/Documentos/git/AEDA_TP1/AEDA_TP1/Turma.h" bodystart="11" bodyend="-1"/>
      </memberdef>
      <memberdef kind="variable" id="class_turma_1a01d75bb903a1202dfaa86b818541a25e" prot="private" static="no" mutable="no">
        <type><ref refid="class_horario" kindref="compound">Horario</ref> *</type>
        <definition>Horario* Turma::horario</definition>
        <argsstring></argsstring>
        <name>horario</name>
        <briefdescription>
        </briefdescription>
        <detaileddescription>
        </detaileddescription>
        <inbodydescription>
        </inbodydescription>
        <location file="E:/Documentos/git/AEDA_TP1/AEDA_TP1/Turma.h" line="12" bodyfile="E:/Documentos/git/AEDA_TP1/AEDA_TP1/Turma.h" bodystart="12" bodyend="-1"/>
      </memberdef>
      </sectiondef>
      <sectiondef kind="public-func">
      <memberdef kind="function" id="class_turma_1a8ad1feec07b4c0ff5d4ec51c8b4a61fd" prot="public" static="no" const="no" explicit="no" inline="no" virt="non-virtual">
        <type></type>
        <definition>Turma::Turma</definition>
        <argsstring>()</argsstring>
        <name>Turma</name>
        <briefdescription>
<para>default empty constructor for <ref refid="class_turma" kindref="compound">Turma</ref> </para>        </briefdescription>
        <detaileddescription>
        </detaileddescription>
        <inbodydescription>
        </inbodydescription>
        <location file="E:/Documentos/git/AEDA_TP1/AEDA_TP1/Turma.h" line="15" bodyfile="E:/Documentos/git/AEDA_TP1/AEDA_TP1/Turma.cpp" bodystart="5" bodyend="7"/>
      </memberdef>
      <memberdef kind="function" id="class_turma_1a6a392c8d9e5b824ce0460740c9bfcdc9" prot="public" static="no" const="no" explicit="no" inline="no" virt="non-virtual">
        <type></type>
        <definition>Turma::Turma</definition>
        <argsstring>(int id, int anoEscolar)</argsstring>
        <name>Turma</name>
        <param>
          <type>int</type>
          <declname>id</declname>
        </param>
        <param>
          <type>int</type>
          <declname>anoEscolar</declname>
        </param>
        <briefdescription>
<para>Constructor non-empty for <ref refid="class_turma" kindref="compound">Turma</ref>. </para>        </briefdescription>
        <detaileddescription>
<para><parameterlist kind="param"><parameteritem>
<parameternamelist>
<parametername>id</parametername>
</parameternamelist>
<parameterdescription>
<para></para></parameterdescription>
</parameteritem>
<parameteritem>
<parameternamelist>
<parametername>anoEscolar</parametername>
</parameternamelist>
<parameterdescription>
<para></para></parameterdescription>
</parameteritem>
</parameterlist>
</para>        </detaileddescription>
        <inbodydescription>
        </inbodydescription>
        <location file="E:/Documentos/git/AEDA_TP1/AEDA_TP1/Turma.h" line="16" bodyfile="E:/Documentos/git/AEDA_TP1/AEDA_TP1/Turma.cpp" bodystart="13" bodyend="16"/>
      </memberdef>
      <memberdef kind="function" id="class_turma_1a68d82f9338997281af20221fff43b509" prot="public" static="no" const="no" explicit="no" inline="no" virt="non-virtual">
        <type></type>
        <definition>Turma::Turma</definition>
        <argsstring>(int id)</argsstring>
        <name>Turma</name>
        <param>
          <type>int</type>
          <declname>id</declname>
        </param>
        <briefdescription>
        </briefdescription>
        <detaileddescription>
<para><parameterlist kind="param"><parameteritem>
<parameternamelist>
<parametername>id</parametername>
</parameternamelist>
<parameterdescription>
<para></para></parameterdescription>
</parameteritem>
</parameterlist>
</para>        </detaileddescription>
        <inbodydescription>
        </inbodydescription>
        <location file="E:/Documentos/git/AEDA_TP1/AEDA_TP1/Turma.h" line="17" bodyfile="E:/Documentos/git/AEDA_TP1/AEDA_TP1/Turma.cpp" bodystart="21" bodyend="24"/>
      </memberdef>
      <memberdef kind="function" id="class_turma_1ac9901558278461593150226ed06567e2" prot="public" static="no" const="no" explicit="no" inline="no" virt="virtual">
        <type></type>
        <definition>Turma::~Turma</definition>
        <argsstring>()</argsstring>
        <name>~Turma</name>
        <briefdescription>
<para>Default destructor. </para>        </briefdescription>
        <detaileddescription>
        </detaileddescription>
        <inbodydescription>
        </inbodydescription>
        <location file="E:/Documentos/git/AEDA_TP1/AEDA_TP1/Turma.h" line="18" bodyfile="E:/Documentos/git/AEDA_TP1/AEDA_TP1/Turma.cpp" bodystart="28" bodyend="28"/>
      </memberdef>
      <memberdef kind="function" id="class_turma_1a25bc31537a7fb3345712b780ff2f825f" prot="public" static="no" const="no" explicit="no" inline="no" virt="non-virtual">
        <type>int</type>
        <definition>int Turma::getID</definition>
        <argsstring>()</argsstring>
        <name>getID</name>
        <briefdescription>
        </briefdescription>
        <detaileddescription>
<para><simplesect kind="return"><para></para></simplesect>
</para>        </detaileddescription>
        <inbodydescription>
        </inbodydescription>
        <location file="E:/Documentos/git/AEDA_TP1/AEDA_TP1/Turma.h" line="20" bodyfile="E:/Documentos/git/AEDA_TP1/AEDA_TP1/Turma.cpp" bodystart="34" bodyend="36"/>
      </memberdef>
      <memberdef kind="function" id="class_turma_1a18af6d19b01102c00f07720f7b149252" prot="public" static="no" const="no" explicit="no" inline="no" virt="non-virtual">
        <type>int</type>
        <definition>int Turma::getAnoEscolar</definition>
        <argsstring>()</argsstring>
        <name>getAnoEscolar</name>
        <briefdescription>
        </briefdescription>
        <detaileddescription>
<para><simplesect kind="return"><para></para></simplesect>
</para>        </detaileddescription>
        <inbodydescription>
        </inbodydescription>
        <location file="E:/Documentos/git/AEDA_TP1/AEDA_TP1/Turma.h" line="21" bodyfile="E:/Documentos/git/AEDA_TP1/AEDA_TP1/Turma.cpp" bodystart="48" bodyend="50"/>
      </memberdef>
      <memberdef kind="function" id="class_turma_1af23a78e8b0130542d662f9d1c20b9422" prot="public" static="no" const="no" explicit="no" inline="no" virt="non-virtual">
        <type><ref refid="class_horario" kindref="compound">Horario</ref> *</type>
        <definition>Horario * Turma::getHorario</definition>
        <argsstring>()</argsstring>
        <name>getHorario</name>
        <briefdescription>
        </briefdescription>
        <detaileddescription>
<para><simplesect kind="return"><para></para></simplesect>
</para>        </detaileddescription>
        <inbodydescription>
        </inbodydescription>
        <location file="E:/Documentos/git/AEDA_TP1/AEDA_TP1/Turma.h" line="22" bodyfile="E:/Documentos/git/AEDA_TP1/AEDA_TP1/Turma.cpp" bodystart="62" bodyend="64"/>
      </memberdef>
      <memberdef kind="function" id="class_turma_1a5c011a25251cd40d549e504b71d7b18f" prot="public" static="no" const="no" explicit="no" inline="no" virt="non-virtual">
        <type>void</type>
        <definition>void Turma::setID</definition>
        <argsstring>(int i)</argsstring>
        <name>setID</name>
        <param>
          <type>int</type>
          <declname>i</declname>
        </param>
        <briefdescription>
        </briefdescription>
        <detaileddescription>
<para><parameterlist kind="param"><parameteritem>
<parameternamelist>
<parametername>i</parametername>
</parameternamelist>
<parameterdescription>
<para></para></parameterdescription>
</parameteritem>
</parameterlist>
</para>        </detaileddescription>
        <inbodydescription>
        </inbodydescription>
        <location file="E:/Documentos/git/AEDA_TP1/AEDA_TP1/Turma.h" line="24" bodyfile="E:/Documentos/git/AEDA_TP1/AEDA_TP1/Turma.cpp" bodystart="41" bodyend="43"/>
      </memberdef>
      <memberdef kind="function" id="class_turma_1abd1be35d1d394aeca1818ed643845ff8" prot="public" static="no" const="no" explicit="no" inline="no" virt="non-virtual">
        <type>void</type>
        <definition>void Turma::setAnoEscolar</definition>
        <argsstring>(int ae)</argsstring>
        <name>setAnoEscolar</name>
        <param>
          <type>int</type>
          <declname>ae</declname>
        </param>
        <briefdescription>
        </briefdescription>
        <detaileddescription>
<para><parameterlist kind="param"><parameteritem>
<parameternamelist>
<parametername>ae</parametername>
</parameternamelist>
<parameterdescription>
<para></para></parameterdescription>
</parameteritem>
</parameterlist>
</para>        </detaileddescription>
        <inbodydescription>
        </inbodydescription>
        <location file="E:/Documentos/git/AEDA_TP1/AEDA_TP1/Turma.h" line="25" bodyfile="E:/Documentos/git/AEDA_TP1/AEDA_TP1/Turma.cpp" bodystart="55" bodyend="57"/>
      </memberdef>
      <memberdef kind="function" id="class_turma_1aab28fe642d927ba176ec4259fdc2d8e0" prot="public" static="no" const="no" explicit="no" inline="no" virt="non-virtual">
        <type>void</type>
        <definition>void Turma::setHorario</definition>
        <argsstring>(Horario *h)</argsstring>
        <name>setHorario</name>
        <param>
          <type><ref refid="class_horario" kindref="compound">Horario</ref> *</type>
          <declname>h</declname>
        </param>
        <briefdescription>
        </briefdescription>
        <detaileddescription>
<para><parameterlist kind="param"><parameteritem>
<parameternamelist>
<parametername>h</parametername>
</parameternamelist>
<parameterdescription>
<para></para></parameterdescription>
</parameteritem>
</parameterlist>
</para>        </detaileddescription>
        <inbodydescription>
        </inbodydescription>
        <location file="E:/Documentos/git/AEDA_TP1/AEDA_TP1/Turma.h" line="26" bodyfile="E:/Documentos/git/AEDA_TP1/AEDA_TP1/Turma.cpp" bodystart="69" bodyend="71"/>
      </memberdef>
      <memberdef kind="function" id="class_turma_1a52d07a750b962cfb81c2067858d9d08a" prot="public" static="no" const="no" explicit="no" inline="no" virt="non-virtual">
        <type>bool</type>
        <definition>bool Turma::operator==</definition>
        <argsstring>(Turma *t2)</argsstring>
        <name>operator==</name>
        <param>
          <type><ref refid="class_turma" kindref="compound">Turma</ref> *</type>
          <declname>t2</declname>
        </param>
        <briefdescription>
        </briefdescription>
        <detaileddescription>
<para><parameterlist kind="param"><parameteritem>
<parameternamelist>
<parametername>t2</parametername>
</parameternamelist>
<parameterdescription>
<para></para></parameterdescription>
</parameteritem>
</parameterlist>
<simplesect kind="return"><para></para></simplesect>
</para>        </detaileddescription>
        <inbodydescription>
        </inbodydescription>
        <location file="E:/Documentos/git/AEDA_TP1/AEDA_TP1/Turma.h" line="28" bodyfile="E:/Documentos/git/AEDA_TP1/AEDA_TP1/Turma.cpp" bodystart="77" bodyend="79"/>
      </memberdef>
      </sectiondef>
    <briefdescription>
    </briefdescription>
    <detaileddescription>
    </detaileddescription>
    <location file="E:/Documentos/git/AEDA_TP1/AEDA_TP1/Turma.h" line="8" bodyfile="E:/Documentos/git/AEDA_TP1/AEDA_TP1/Turma.h" bodystart="8" bodyend="29"/>
    <listofallmembers>
      <member refid="class_turma_1a7305f89a3dafad573aa4d413bdc81eb1" prot="private" virt="non-virtual"><scope>Turma</scope><name>anoEscolar</name></member>
      <member refid="class_turma_1a18af6d19b01102c00f07720f7b149252" prot="public" virt="non-virtual"><scope>Turma</scope><name>getAnoEscolar</name></member>
      <member refid="class_turma_1af23a78e8b0130542d662f9d1c20b9422" prot="public" virt="non-virtual"><scope>Turma</scope><name>getHorario</name></member>
      <member refid="class_turma_1a25bc31537a7fb3345712b780ff2f825f" prot="public" virt="non-virtual"><scope>Turma</scope><name>getID</name></member>
      <member refid="class_turma_1a01d75bb903a1202dfaa86b818541a25e" prot="private" virt="non-virtual"><scope>Turma</scope><name>horario</name></member>
      <member refid="class_turma_1ac4f9ee7df8d19b2d4150bbf7b4865286" prot="private" virt="non-virtual"><scope>Turma</scope><name>id</name></member>
      <member refid="class_turma_1a52d07a750b962cfb81c2067858d9d08a" prot="public" virt="non-virtual"><scope>Turma</scope><name>operator==</name></member>
      <member refid="class_turma_1abd1be35d1d394aeca1818ed643845ff8" prot="public" virt="non-virtual"><scope>Turma</scope><name>setAnoEscolar</name></member>
      <member refid="class_turma_1aab28fe642d927ba176ec4259fdc2d8e0" prot="public" virt="non-virtual"><scope>Turma</scope><name>setHorario</name></member>
      <member refid="class_turma_1a5c011a25251cd40d549e504b71d7b18f" prot="public" virt="non-virtual"><scope>Turma</scope><name>setID</name></member>
      <member refid="class_turma_1a8ad1feec07b4c0ff5d4ec51c8b4a61fd" prot="public" virt="non-virtual"><scope>Turma</scope><name>Turma</name></member>
      <member refid="class_turma_1a6a392c8d9e5b824ce0460740c9bfcdc9" prot="public" virt="non-virtual"><scope>Turma</scope><name>Turma</name></member>
      <member refid="class_turma_1a68d82f9338997281af20221fff43b509" prot="public" virt="non-virtual"><scope>Turma</scope><name>Turma</name></member>
      <member refid="class_turma_1ac9901558278461593150226ed06567e2" prot="public" virt="virtual"><scope>Turma</scope><name>~Turma</name></member>
    </listofallmembers>
  </compounddef>
</doxygen>
