<?xml version='1.0' encoding='UTF-8' standalone='no'?>
<doxygen xmlns:xsi="http://www.w3.org/2001/XMLSchema-instance" xsi:noNamespaceSchemaLocation="compound.xsd" version="1.8.3">
  <compounddef id="class_turma_existente" kind="class" prot="public">
    <compoundname>TurmaExistente</compoundname>
    <includes refid="_excepcao_8h" local="no">Excepcao.h</includes>
      <sectiondef kind="public-attrib">
      <memberdef kind="variable" id="class_turma_existente_1a7af4e8a63dd324498ebd01cee1a956f3" prot="public" static="no" mutable="no">
        <type><ref refid="class_turma" kindref="compound">Turma</ref> *</type>
        <definition>Turma* TurmaExistente::turma</definition>
        <argsstring></argsstring>
        <name>turma</name>
        <briefdescription>
<para><ref refid="class_turma" kindref="compound">Turma</ref> ja existente. </para>        </briefdescription>
        <detaileddescription>
        </detaileddescription>
        <inbodydescription>
        </inbodydescription>
        <location file="E:/Documentos/git/AEDA_TP1/AEDA_TP1/Excepcao.h" line="18" bodyfile="E:/Documentos/git/AEDA_TP1/AEDA_TP1/Excepcao.h" bodystart="18" bodyend="-1"/>
      </memberdef>
      </sectiondef>
      <sectiondef kind="public-func">
      <memberdef kind="function" id="class_turma_existente_1abc57fc0e6dc6b40e7e09a55dc572aea9" prot="public" static="no" const="no" explicit="no" inline="yes" virt="non-virtual">
        <type></type>
        <definition>TurmaExistente::TurmaExistente</definition>
        <argsstring>(Turma *t)</argsstring>
        <name>TurmaExistente</name>
        <param>
          <type><ref refid="class_turma" kindref="compound">Turma</ref> *</type>
          <declname>t</declname>
        </param>
        <briefdescription>
        </briefdescription>
        <detaileddescription>
        </detaileddescription>
        <inbodydescription>
        </inbodydescription>
        <location file="E:/Documentos/git/AEDA_TP1/AEDA_TP1/Excepcao.h" line="19" bodyfile="E:/Documentos/git/AEDA_TP1/AEDA_TP1/Excepcao.h" bodystart="19" bodyend="21"/>
      </memberdef>
      <memberdef kind="function" id="class_turma_existente_1a96340570dfd3b2a4122c8ba8820dac4a" prot="public" static="no" const="no" explicit="no" inline="yes" virt="non-virtual">
        <type>string</type>
        <definition>string TurmaExistente::getErro</definition>
        <argsstring>()</argsstring>
        <name>getErro</name>
        <briefdescription>
        </briefdescription>
        <detaileddescription>
        </detaileddescription>
        <inbodydescription>
<para>&lt; Mensagem de erro lancada por esta excepcao </para>        </inbodydescription>
        <location file="E:/Documentos/git/AEDA_TP1/AEDA_TP1/Excepcao.h" line="22" bodyfile="E:/Documentos/git/AEDA_TP1/AEDA_TP1/Excepcao.h" bodystart="22" bodyend="26"/>
      </memberdef>
      <memberdef kind="function" id="class_turma_existente_1a6b3ec0715645fd0ea2589dace1ccd0bf" prot="public" static="no" const="no" explicit="no" inline="yes" virt="virtual">
        <type></type>
        <definition>virtual TurmaExistente::~TurmaExistente</definition>
        <argsstring>()</argsstring>
        <name>~TurmaExistente</name>
        <briefdescription>
<para>Destrutor. </para>        </briefdescription>
        <detaileddescription>
        </detaileddescription>
        <inbodydescription>
        </inbodydescription>
        <location file="E:/Documentos/git/AEDA_TP1/AEDA_TP1/Excepcao.h" line="27" bodyfile="E:/Documentos/git/AEDA_TP1/AEDA_TP1/Excepcao.h" bodystart="27" bodyend="-1"/>
      </memberdef>
      </sectiondef>
    <briefdescription>
<para>Excepcao lancada quando uma <ref refid="class_turma" kindref="compound">Turma</ref> a ser adicionada ao vector de Turmas de uma <ref refid="class_professor" kindref="compound">Professor</ref> que ja contem a mesma. </para>    </briefdescription>
    <detaileddescription>
    </detaileddescription>
    <collaborationgraph>
      <node id="46">
        <label>TurmaExistente</label>
        <link refid="class_turma_existente"/>
        <childnode refid="47" relation="usage">
          <edgelabel>turma</edgelabel>
        </childnode>
      </node>
      <node id="47">
        <label>Turma</label>
        <link refid="class_turma"/>
      </node>
    </collaborationgraph>
    <location file="E:/Documentos/git/AEDA_TP1/AEDA_TP1/Excepcao.h" line="16" bodyfile="E:/Documentos/git/AEDA_TP1/AEDA_TP1/Excepcao.h" bodystart="15" bodyend="28"/>
    <listofallmembers>
      <member refid="class_turma_existente_1a96340570dfd3b2a4122c8ba8820dac4a" prot="public" virt="non-virtual"><scope>TurmaExistente</scope><name>getErro</name></member>
      <member refid="class_turma_existente_1a7af4e8a63dd324498ebd01cee1a956f3" prot="public" virt="non-virtual"><scope>TurmaExistente</scope><name>turma</name></member>
      <member refid="class_turma_existente_1abc57fc0e6dc6b40e7e09a55dc572aea9" prot="public" virt="non-virtual"><scope>TurmaExistente</scope><name>TurmaExistente</name></member>
      <member refid="class_turma_existente_1a6b3ec0715645fd0ea2589dace1ccd0bf" prot="public" virt="virtual"><scope>TurmaExistente</scope><name>~TurmaExistente</name></member>
    </listofallmembers>
  </compounddef>
</doxygen>
