<?xml version='1.0' encoding='UTF-8' standalone='no'?>
<doxygenindex xmlns:xsi="http://www.w3.org/2001/XMLSchema-instance" xsi:noNamespaceSchemaLocation="index.xsd" version="1.8.3">
  <compound refid="class_aluno" kind="class"><name>Aluno</name>
    <member refid="class_aluno_1aa72e959778c5cfb155d40917c8db04e1" kind="variable"><name>_numero</name></member>
    <member refid="class_aluno_1aff7237ed605a644069974d940f6af50b" kind="variable"><name>_turma</name></member>
    <member refid="class_aluno_1afa2d1a87c5d62a63381065ee0cf2ea7f" kind="function"><name>Aluno</name></member>
    <member refid="class_aluno_1a258e8f5c3dbc8b19efadaf20ba48874f" kind="function"><name>getNumero</name></member>
    <member refid="class_aluno_1a1f3d823c2589d39d930738689707ba3d" kind="function"><name>getTurma</name></member>
    <member refid="class_aluno_1a36ad83483a9e0c247d7092a95607758c" kind="function"><name>setNumero</name></member>
    <member refid="class_aluno_1a5403cd3d2d1a219f9aa49bc53825d4fc" kind="function"><name>setTurma</name></member>
    <member refid="class_aluno_1a70c5a814dcd56edc12bbe2c00aa3a7a6" kind="function"><name>operator==</name></member>
    <member refid="class_aluno_1ac5c1bdeaea70f418dd7aa1b0c73160aa" kind="function"><name>print</name></member>
  </compound>
  <compound refid="class_aluno_nao_existente" kind="class"><name>AlunoNaoExistente</name>
    <member refid="class_aluno_nao_existente_1a094d853c6593f3b82363171adbcd2158" kind="variable"><name>aluno</name></member>
    <member refid="class_aluno_nao_existente_1a5ad5fa0f402f1bec2b88b698cf3f5928" kind="function"><name>AlunoNaoExistente</name></member>
    <member refid="class_aluno_nao_existente_1aacfbce6e5c3fba7f14cdfe4588d9f3fc" kind="function"><name>getErro</name></member>
    <member refid="class_aluno_nao_existente_1a72857c8ba816dbec308567382904e14b" kind="function"><name>~AlunoNaoExistente</name></member>
  </compound>
  <compound refid="class_alunos_por_turma_excedido" kind="class"><name>AlunosPorTurmaExcedido</name>
    <member refid="class_alunos_por_turma_excedido_1ad3b26da7b4a81b52cd2e1cf969cbae2e" kind="variable"><name>aluno</name></member>
    <member refid="class_alunos_por_turma_excedido_1a34a212882e9b566992c4e9cf618e1425" kind="function"><name>AlunosPorTurmaExcedido</name></member>
    <member refid="class_alunos_por_turma_excedido_1a5c9495949ceaf62e87e6ee03cf596b9e" kind="function"><name>getErro</name></member>
    <member refid="class_alunos_por_turma_excedido_1a018e25ae5eb0bfc4f704561c9f951c11" kind="function"><name>~AlunosPorTurmaExcedido</name></member>
  </compound>
  <compound refid="class_director_turma" kind="class"><name>DirectorTurma</name>
    <member refid="class_director_turma_1a2fd8cdf155493e59e0d9b135b0c1268a" kind="variable"><name>_turmas_resposaveis</name></member>
    <member refid="class_director_turma_1a68cae9fe812395183f4da5e8b2f5cfe6" kind="function"><name>DirectorTurma</name></member>
    <member refid="class_director_turma_1a99567238fee363836711fb01e7b49617" kind="function"><name>addTurmaResponsavel</name></member>
    <member refid="class_director_turma_1a08f76bfffd82b428bd601773fe44a26e" kind="function"><name>removeTurmaResponsavel</name></member>
    <member refid="class_director_turma_1ad481d568f5e9f30ddcfa6a6c65daaf1b" kind="function"><name>getTurmasResponsaveis</name></member>
    <member refid="class_director_turma_1aff25a8b46c65247f194598fcef54e4b1" kind="function"><name>~DirectorTurma</name></member>
  </compound>
  <compound refid="class_disciplina" kind="class"><name>Disciplina</name>
    <member refid="class_disciplina_1a5c3b193be7d2fa0c76d064bad0954742" kind="variable"><name>_nome</name></member>
    <member refid="class_disciplina_1a9a530133caedaebbb110610ac6b5c880" kind="variable"><name>_duracao</name></member>
    <member refid="class_disciplina_1a5ef5a4e0dcdcc2d1286c6d5af4d76f3a" kind="variable"><name>_hora_inicio</name></member>
    <member refid="class_disciplina_1ae4496d51677842852775c89892387daf" kind="function"><name>Disciplina</name></member>
    <member refid="class_disciplina_1a09445908668708d2b62feb8b600a6af6" kind="function"><name>getNome</name></member>
    <member refid="class_disciplina_1a2d8e0957375f6d9f1f720a58acfb80de" kind="function"><name>setNome</name></member>
    <member refid="class_disciplina_1aa3f19dc881279231e7eaa3194f01c4df" kind="function"><name>getDuracao</name></member>
    <member refid="class_disciplina_1aadc65f8c2f09352cc6f80881d67e720d" kind="function"><name>setDuracao</name></member>
    <member refid="class_disciplina_1afde765c64f78f530d09d404d15c4c5dd" kind="function"><name>getHoraInicio</name></member>
    <member refid="class_disciplina_1aa6822138c1277be2b2c5c420c1a1f34d" kind="function"><name>setHoraInicio</name></member>
    <member refid="class_disciplina_1a28b929f7e36d902da32b0ecc329420b6" kind="function"><name>getHoraFim</name></member>
    <member refid="class_disciplina_1a41f649eceb91b6e2cae441a5888c7b84" kind="function"><name>operator==</name></member>
    <member refid="class_disciplina_1a25f08db7e0d2f4ad44d91da2bcc923a2" kind="function"><name>~Disciplina</name></member>
  </compound>
  <compound refid="class_disciplina_nao_existente" kind="class"><name>DisciplinaNaoExistente</name>
    <member refid="class_disciplina_nao_existente_1ad681e3d7b6ba5c6120b23084bf4ae657" kind="variable"><name>disciplina</name></member>
    <member refid="class_disciplina_nao_existente_1a6a31b19d16df94d71d2ee360600d5150" kind="function"><name>DisciplinaNaoExistente</name></member>
    <member refid="class_disciplina_nao_existente_1a6a201b94440edd339ec05d1e9db8319b" kind="function"><name>getErro</name></member>
    <member refid="class_disciplina_nao_existente_1a4c0655a54da71a17d8f0fba702cf374d" kind="function"><name>~DisciplinaNaoExistente</name></member>
  </compound>
  <compound refid="class_duracao_excedida" kind="class"><name>DuracaoExcedida</name>
    <member refid="class_duracao_excedida_1a9a6e5e0de552c9c6d10e8b387e7db03a" kind="variable"><name>_duracao</name></member>
    <member refid="class_duracao_excedida_1a99e2ea6501cd6c8191b36395c2216055" kind="function"><name>DuracaoExcedida</name></member>
    <member refid="class_duracao_excedida_1af83836450fa7d721d277b80e6b145ff4" kind="function"><name>getErro</name></member>
  </compound>
  <compound refid="class_escola" kind="class"><name>Escola</name>
    <member refid="class_escola_1ac832c533e94f0be7f273bc129eb25380" kind="variable"><name>_alunos</name></member>
    <member refid="class_escola_1aa184971c76b0f3d5c1796f122f09419c" kind="variable"><name>_professores</name></member>
    <member refid="class_escola_1a12cbf0963007a2af29d39baecc9abe8d" kind="variable"><name>_turmas</name></member>
    <member refid="class_escola_1a816e742c61806a3123f2723d5c4b3d4c" kind="variable"><name>_disciplinas</name></member>
    <member refid="class_escola_1abb8868990479b34abbc2e24b0c5d343c" kind="function"><name>Escola</name></member>
    <member refid="class_escola_1a881727d5171216be19d3e63cf95e2110" kind="function"><name>getAlunos</name></member>
    <member refid="class_escola_1a56f72e713a433a9b63086df24de6985a" kind="function"><name>setAluno</name></member>
    <member refid="class_escola_1a7582a678219ca0977bab1ac1db1109f2" kind="function"><name>getAlunoByNome</name></member>
    <member refid="class_escola_1ab8911a8daa03ac6172defbcb68710b06" kind="function"><name>addAluno</name></member>
    <member refid="class_escola_1a61476572624adfbc5ff2a0dce1e8ce0b" kind="function"><name>showAluno</name></member>
    <member refid="class_escola_1ab8ae7317b753dbe8308a60ac39d4f714" kind="function"><name>updateAluno</name></member>
    <member refid="class_escola_1acfa55addf5866a486acdfdc84ee9c66a" kind="function"><name>removeAluno</name></member>
    <member refid="class_escola_1a8cdb86f03082f15f5f3ce63d1ae0b1f2" kind="function"><name>getProfessores</name></member>
    <member refid="class_escola_1a69bc6d8eb743a508d2b805285fd59e35" kind="function"><name>setProfessor</name></member>
    <member refid="class_escola_1a1f0dba75b82a3aec3cdaccafec4350c3" kind="function"><name>getProfessorByNome</name></member>
    <member refid="class_escola_1a9cb288aece2339850bd18eaf1614f8b9" kind="function"><name>addProfessor</name></member>
    <member refid="class_escola_1addc6cd7b85c6fdba76dd536c580c16c8" kind="function"><name>showProfessor</name></member>
    <member refid="class_escola_1a409612d09d981eb7e6e3a532080d7aed" kind="function"><name>updateProfessor</name></member>
    <member refid="class_escola_1ab88ff73f646f14380fdbb5a55bc49882" kind="function"><name>removeProfessor</name></member>
    <member refid="class_escola_1acee757e16892f33820b22a7d7749d97d" kind="function"><name>getTurmas</name></member>
    <member refid="class_escola_1a75635f871c420f3d1373285b1e773ce8" kind="function"><name>setTurma</name></member>
    <member refid="class_escola_1a5dab98b3f36b81a764b104d9d9a302e8" kind="function"><name>getTurmaById</name></member>
    <member refid="class_escola_1a86d547f74fe935bfd8bdf3cd35d25860" kind="function"><name>addTurma</name></member>
    <member refid="class_escola_1a91096932c5326cb2e5c30cbd860c126c" kind="function"><name>showTurma</name></member>
    <member refid="class_escola_1a50eb8daf94842be3184daa133140157d" kind="function"><name>updateTurma</name></member>
    <member refid="class_escola_1a4011a23d4f49827e7cc74ea5739e9033" kind="function"><name>removeTurma</name></member>
    <member refid="class_escola_1a733893af8f3535eebe4624525945589d" kind="function"><name>getDiscipinas</name></member>
    <member refid="class_escola_1ac117e7e2d2f9c2ef22b41b6dc7a96708" kind="function"><name>setDisciplina</name></member>
    <member refid="class_escola_1a75b1f1a614ca1163cf2c53f25331b939" kind="function"><name>getDisciplinaByNome</name></member>
    <member refid="class_escola_1ad60836279a3f0a7d974a49b950aabda0" kind="function"><name>addDisciplina</name></member>
    <member refid="class_escola_1a3578c85887dd28c9d0b6f7c7f10f3020" kind="function"><name>showDisciplina</name></member>
    <member refid="class_escola_1a3e5bd122514b59138e8fac07ca63e23a" kind="function"><name>updateDisciplina</name></member>
    <member refid="class_escola_1a2e726efed10bae8f782f2f5370ec9f44" kind="function"><name>removeDisciplina</name></member>
    <member refid="class_escola_1a63c8d064ec2308e2ddfc86a16b67eea8" kind="function"><name>~Escola</name></member>
  </compound>
  <compound refid="class_horario" kind="class"><name>Horario</name>
    <member refid="class_horario_1ae4a0720eac7f7cf5f91025a301f9da51" kind="variable"><name>disciplinas</name></member>
    <member refid="class_horario_1a46801f79049e424c1a520838c33397b2" kind="function"><name>Horario</name></member>
    <member refid="class_horario_1a5e28b41481668ea7a2a23ecb0c6bd021" kind="function"><name>~Horario</name></member>
    <member refid="class_horario_1a0eceba486c1179a4254f756cd2867667" kind="function"><name>getDisciplinas</name></member>
    <member refid="class_horario_1ac2105346d7fcdbc59b0c7baa5082934d" kind="function"><name>addDisciplina</name></member>
  </compound>
  <compound refid="class_pessoa" kind="class"><name>Pessoa</name>
    <member refid="class_pessoa_1a2e48ddfc442a6b1d30477ad23cf851d4" kind="variable"><name>_nome</name></member>
    <member refid="class_pessoa_1a789675384a5b47a16c9f0a5a819aa1ff" kind="function"><name>Pessoa</name></member>
    <member refid="class_pessoa_1afe5128d96f8ef52b644746b9a45f63e7" kind="function"><name>setNome</name></member>
    <member refid="class_pessoa_1a8d4d2f40ba5634f49b0ce181fee7f0a7" kind="function"><name>getNome</name></member>
    <member refid="class_pessoa_1a6ccbd5e11c47beb6de6650054caa5a79" kind="function"><name>print</name></member>
  </compound>
  <compound refid="class_professor" kind="class"><name>Professor</name>
    <member refid="class_professor_1afca4e4fdf336bcab9b9a94b032175999" kind="variable"><name>_disciplina</name></member>
    <member refid="class_professor_1af407ab1e7b5da16bdb0f70458e5457fa" kind="variable"><name>_turmas</name></member>
    <member refid="class_professor_1a8e20e8472f95da9e7dbbe043b2ca40c0" kind="function"><name>Professor</name></member>
    <member refid="class_professor_1a4242c678534b7effaec214ad2f8a3079" kind="function"><name>addTurma</name></member>
    <member refid="class_professor_1a1cc34746e255348252f50e0b6ab34e41" kind="function"><name>removeTurma</name></member>
    <member refid="class_professor_1a3fcf6e5e91713f69e178d3c77524f9bc" kind="function"><name>print</name></member>
    <member refid="class_professor_1a6670967a09f78b6d0016a2e3417c238f" kind="function"><name>setDisciplina</name></member>
    <member refid="class_professor_1ae09b97fead0e86fa47e9d477a1f4b1d5" kind="function"><name>getDiscipina</name></member>
    <member refid="class_professor_1a9474309b22807309eacd155312b9f65d" kind="function"><name>getTurmas</name></member>
    <member refid="class_professor_1afa33df5062ac3fd56de2a54530bd1c68" kind="function"><name>operator==</name></member>
    <member refid="class_professor_1afc11ab966c1f1231a6cd92d7304cce50" kind="function"><name>~Professor</name></member>
  </compound>
  <compound refid="class_professor_nao_existente" kind="class"><name>ProfessorNaoExistente</name>
    <member refid="class_professor_nao_existente_1ac9d47ada01b74d050825da7e7517bf2e" kind="variable"><name>professor</name></member>
    <member refid="class_professor_nao_existente_1a010426aacae28cf35fd7b82d51a92c92" kind="function"><name>ProfessorNaoExistente</name></member>
    <member refid="class_professor_nao_existente_1a7e4f7530740f578c181f1e8d05404104" kind="function"><name>getErro</name></member>
    <member refid="class_professor_nao_existente_1ad0582a609813717d969ba09d93b7c1ff" kind="function"><name>~ProfessorNaoExistente</name></member>
  </compound>
  <compound refid="class_turma" kind="class"><name>Turma</name>
    <member refid="class_turma_1ac4f9ee7df8d19b2d4150bbf7b4865286" kind="variable"><name>id</name></member>
    <member refid="class_turma_1a7305f89a3dafad573aa4d413bdc81eb1" kind="variable"><name>anoEscolar</name></member>
    <member refid="class_turma_1a01d75bb903a1202dfaa86b818541a25e" kind="variable"><name>horario</name></member>
    <member refid="class_turma_1a8ad1feec07b4c0ff5d4ec51c8b4a61fd" kind="function"><name>Turma</name></member>
    <member refid="class_turma_1a6a392c8d9e5b824ce0460740c9bfcdc9" kind="function"><name>Turma</name></member>
    <member refid="class_turma_1a68d82f9338997281af20221fff43b509" kind="function"><name>Turma</name></member>
    <member refid="class_turma_1ac9901558278461593150226ed06567e2" kind="function"><name>~Turma</name></member>
    <member refid="class_turma_1a25bc31537a7fb3345712b780ff2f825f" kind="function"><name>getID</name></member>
    <member refid="class_turma_1a18af6d19b01102c00f07720f7b149252" kind="function"><name>getAnoEscolar</name></member>
    <member refid="class_turma_1af23a78e8b0130542d662f9d1c20b9422" kind="function"><name>getHorario</name></member>
    <member refid="class_turma_1a5c011a25251cd40d549e504b71d7b18f" kind="function"><name>setID</name></member>
    <member refid="class_turma_1abd1be35d1d394aeca1818ed643845ff8" kind="function"><name>setAnoEscolar</name></member>
    <member refid="class_turma_1aab28fe642d927ba176ec4259fdc2d8e0" kind="function"><name>setHorario</name></member>
    <member refid="class_turma_1a52d07a750b962cfb81c2067858d9d08a" kind="function"><name>operator==</name></member>
  </compound>
  <compound refid="class_turma_existente" kind="class"><name>TurmaExistente</name>
    <member refid="class_turma_existente_1a7af4e8a63dd324498ebd01cee1a956f3" kind="variable"><name>turma</name></member>
    <member refid="class_turma_existente_1abc57fc0e6dc6b40e7e09a55dc572aea9" kind="function"><name>TurmaExistente</name></member>
    <member refid="class_turma_existente_1a96340570dfd3b2a4122c8ba8820dac4a" kind="function"><name>getErro</name></member>
    <member refid="class_turma_existente_1a6b3ec0715645fd0ea2589dace1ccd0bf" kind="function"><name>~TurmaExistente</name></member>
  </compound>
  <compound refid="class_turma_nao_existente" kind="class"><name>TurmaNaoExistente</name>
    <member refid="class_turma_nao_existente_1ab14dc459c3d9bd70bea8e583b2ce072e" kind="variable"><name>turma</name></member>
    <member refid="class_turma_nao_existente_1a9c2b3b2ad6de696dd3432951b278c975" kind="function"><name>TurmaNaoExistente</name></member>
    <member refid="class_turma_nao_existente_1a5672fe80509c285ce4468137c3574351" kind="function"><name>getErro</name></member>
    <member refid="class_turma_nao_existente_1a89025d5c39ff6a1590e2e7bb010fa3b7" kind="function"><name>~TurmaNaoExistente</name></member>
  </compound>
  <compound refid="namespacestd" kind="namespace"><name>std</name>
  </compound>
  <compound refid="_aluno_8cpp" kind="file"><name>Aluno.cpp</name>
  </compound>
  <compound refid="_aluno_8h" kind="file"><name>Aluno.h</name>
    <member refid="_aluno_8h_1afabe40c988deb46665abf62cf618393d" kind="define"><name>MAX_ALUNOS</name></member>
  </compound>
  <compound refid="_disciplina_8cpp" kind="file"><name>Disciplina.cpp</name>
    <member refid="_disciplina_8cpp_1a0abdde63ec1feaa0580bb98ab32bc59f" kind="define"><name>DURACAO_MAX</name></member>
  </compound>
  <compound refid="_disciplina_8h" kind="file"><name>Disciplina.h</name>
  </compound>
  <compound refid="_escola_8cpp" kind="file"><name>Escola.cpp</name>
  </compound>
  <compound refid="_escola_8h" kind="file"><name>Escola.h</name>
  </compound>
  <compound refid="_excepcao_8h" kind="file"><name>Excepcao.h</name>
  </compound>
  <compound refid="_horario_8cpp" kind="file"><name>Horario.cpp</name>
  </compound>
  <compound refid="_horario_8h" kind="file"><name>Horario.h</name>
    <member refid="_horario_8h_1a79b459f7661569a7c189d4279dfb5468" kind="define"><name>INICIO</name></member>
    <member refid="_horario_8h_1a55cb31f6d026be9e323714fb3cbc7b6a" kind="define"><name>FIM</name></member>
    <member refid="_horario_8h_1abe9b8c59c10d6d469ae0478ab8bfaea6" kind="define"><name>VARIANCIA</name></member>
  </compound>
  <compound refid="_input___output_8h" kind="file"><name>Input_Output.h</name>
  </compound>
  <compound refid="main_8cpp" kind="file"><name>main.cpp</name>
    <member refid="main_8cpp_1ab5365a248c6689f9f06fb994e10c1724" kind="function"><name>menuManutencao</name></member>
    <member refid="main_8cpp_1aa886dae8b07d6f689636c920b562e176" kind="function"><name>manutencao</name></member>
    <member refid="main_8cpp_1ab78ae9ebf8767515e094c982fe6e859a" kind="function"><name>menuAssociacoes</name></member>
    <member refid="main_8cpp_1a2375e99819c22ec97f5d90302ed9c587" kind="function"><name>menuListagens</name></member>
    <member refid="main_8cpp_1a620dc0018517c5ad8213d13dd9466e9f" kind="function"><name>criar</name></member>
    <member refid="main_8cpp_1a9b4cd2fb9e010f8468e158ce912f6a16" kind="function"><name>ler</name></member>
    <member refid="main_8cpp_1ae66f6b31b5ad750f1fe042a706a4e3d4" kind="function"><name>main</name></member>
  </compound>
  <compound refid="_professor_8cpp" kind="file"><name>Professor.cpp</name>
  </compound>
  <compound refid="_professor_8h" kind="file"><name>Professor.h</name>
  </compound>
  <compound refid="_turma_8cpp" kind="file"><name>Turma.cpp</name>
  </compound>
  <compound refid="_turma_8h" kind="file"><name>Turma.h</name>
  </compound>
</doxygenindex>
